날짜,연료,연비,주행거리,배출계수,차량수
2024-03-01,휘발유,9.4,0.69,2.4116,1623
2024-03-01,경유,11.2,0.64,2.6528,1189
2024-03-01,LPG,7.5,0.46,1.6469,242
2024-03-01,하이브리드,13.8,0.46,2.4116,265
2024-03-01,전기,4.5,0.42,0,89
2024-03-01,수소,99.2,0.75,0,4
2024-03-01,기타,9,0.64,2.244,23
2024-03-02,휘발유,9.4,0.68,2.4116,720
2024-03-02,경유,11.2,0.41,2.6528,527
2024-03-02,LPG,7.5,0.79,1.6469,107
2024-03-02,하이브리드,13.8,0.73,2.4116,117
2024-03-02,전기,4.5,0.48,0,39
2024-03-02,수소,99.2,0.47,0,2
2024-03-02,기타,9,0.47,2.244,10
2024-03-03,휘발유,9.4,0.57,2.4116,810
2024-03-03,경유,11.2,0.52,2.6528,593
2024-03-03,LPG,7.5,0.64,1.6469,120
2024-03-03,하이브리드,13.8,0.46,2.4116,132
2024-03-03,전기,4.5,0.52,0,44
2024-03-03,수소,99.2,0.55,0,2
2024-03-03,기타,9,0.58,2.244,11
2024-03-04,휘발유,9.4,0.71,2.4116,1054
2024-03-04,경유,11.2,0.48,2.6528,772
2024-03-04,LPG,7.5,0.61,1.6469,157
2024-03-04,하이브리드,13.8,0.64,2.4116,172
2024-03-04,전기,4.5,0.42,0,58
2024-03-04,수소,99.2,0.64,0,3
2024-03-04,기타,9,0.47,2.244,15
2024-03-05,휘발유,9.4,0.67,2.4116,1364
2024-03-05,경유,11.2,0.58,2.6528,999
2024-03-05,LPG,7.5,0.45,1.6469,203
2024-03-05,하이브리드,13.8,0.6,2.4116,222
2024-03-05,전기,4.5,0.41,0,75
2024-03-05,수소,99.2,0.76,0,4
2024-03-05,기타,9,0.5,2.244,19
2024-03-06,휘발유,9.4,0.67,2.4116,1437
2024-03-06,경유,11.2,0.52,2.6528,1053
2024-03-06,LPG,7.5,0.61,1.6469,214
2024-03-06,하이브리드,13.8,0.62,2.4116,234
2024-03-06,전기,4.5,0.47,0,79
2024-03-06,수소,99.2,0.79,0,4
2024-03-06,기타,9,0.71,2.244,21
2024-03-07,휘발유,9.4,0.44,2.4116,1680
2024-03-07,경유,11.2,0.48,2.6528,1231
2024-03-07,LPG,7.5,0.42,1.6469,250
2024-03-07,하이브리드,13.8,0.53,2.4116,274
2024-03-07,전기,4.5,0.56,0,92
2024-03-07,수소,99.2,0.51,0,4
2024-03-07,기타,9,0.73,2.244,24
2024-03-08,휘발유,9.4,0.54,2.4116,1546
2024-03-08,경유,11.2,0.51,2.6528,1133
2024-03-08,LPG,7.5,0.62,1.6469,230
2024-03-08,하이브리드,13.8,0.46,2.4116,252
2024-03-08,전기,4.5,0.72,0,85
2024-03-08,수소,99.2,0.43,0,4
2024-03-08,기타,9,0.79,2.244,22
2024-03-09,휘발유,9.4,0.4,2.4116,593
2024-03-09,경유,11.2,0.73,2.6528,434
2024-03-09,LPG,7.5,0.68,1.6469,88
2024-03-09,하이브리드,13.8,0.69,2.4116,96
2024-03-09,전기,4.5,0.71,0,32
2024-03-09,수소,99.2,0.43,0,1
2024-03-09,기타,9,0.54,2.244,8
2024-03-10,휘발유,9.4,0.45,2.4116,897
2024-03-10,경유,11.2,0.75,2.6528,657
2024-03-10,LPG,7.5,0.65,1.6469,133
2024-03-10,하이브리드,13.8,0.53,2.4116,146
2024-03-10,전기,4.5,0.43,0,49
2024-03-10,수소,99.2,0.52,0,2
2024-03-10,기타,9,0.53,2.244,13
2024-03-11,휘발유,9.4,0.75,2.4116,1698
2024-03-11,경유,11.2,0.59,2.6528,1244
2024-03-11,LPG,7.5,0.45,1.6469,253
2024-03-11,하이브리드,13.8,0.69,2.4116,277
2024-03-11,전기,4.5,0.7,0,93
2024-03-11,수소,99.2,0.62,0,5
2024-03-11,기타,9,0.71,2.244,24
2024-03-12,휘발유,9.4,0.6,2.4116,1826
2024-03-12,경유,11.2,0.61,2.6528,1338
2024-03-12,LPG,7.5,0.57,1.6469,272
2024-03-12,하이브리드,13.8,0.41,2.4116,298
2024-03-12,전기,4.5,0.44,0,100
2024-03-12,수소,99.2,0.41,0,5
2024-03-12,기타,9,0.65,2.244,26
2024-03-13,휘발유,9.4,0.76,2.4116,1528
2024-03-13,경유,11.2,0.5,2.6528,1119
2024-03-13,LPG,7.5,0.56,1.6469,227
2024-03-13,하이브리드,13.8,0.7,2.4116,249
2024-03-13,전기,4.5,0.49,0,84
2024-03-13,수소,99.2,0.43,0,4
2024-03-13,기타,9,0.52,2.244,22
2024-03-14,휘발유,9.4,0.46,2.4116,1036
2024-03-14,경유,11.2,0.77,2.6528,760
2024-03-14,LPG,7.5,0.72,1.6469,154
2024-03-14,하이브리드,13.8,0.65,2.4116,169
2024-03-14,전기,4.5,0.75,0,57
2024-03-14,수소,99.2,0.72,0,3
2024-03-14,기타,9,0.47,2.244,15
2024-03-15,휘발유,9.4,0.72,2.4116,1528
2024-03-15,경유,11.2,0.76,2.6528,1120
2024-03-15,LPG,7.5,0.53,1.6469,227
2024-03-15,하이브리드,13.8,0.44,2.4116,249
2024-03-15,전기,4.5,0.49,0,84
2024-03-15,수소,99.2,0.57,0,4
2024-03-15,기타,9,0.73,2.244,22
2024-03-16,휘발유,9.4,0.74,2.4116,981
2024-03-16,경유,11.2,0.4,2.6528,719
2024-03-16,LPG,7.5,0.6,1.6469,146
2024-03-16,하이브리드,13.8,0.57,2.4116,160
2024-03-16,전기,4.5,0.49,0,54
2024-03-16,수소,99.2,0.45,0,2
2024-03-16,기타,9,0.54,2.244,14
2024-03-17,휘발유,9.4,0.61,2.4116,714
2024-03-17,경유,11.2,0.68,2.6528,523
2024-03-17,LPG,7.5,0.55,1.6469,106
2024-03-17,하이브리드,13.8,0.79,2.4116,116
2024-03-17,전기,4.5,0.78,0,39
2024-03-17,수소,99.2,0.5,0,2
2024-03-17,기타,9,0.6,2.244,10
2024-03-18,휘발유,9.4,0.52,2.4116,1601
2024-03-18,경유,11.2,0.51,2.6528,1173
2024-03-18,LPG,7.5,0.41,1.6469,238
2024-03-18,하이브리드,13.8,0.64,2.4116,261
2024-03-18,전기,4.5,0.6,0,88
2024-03-18,수소,99.2,0.42,0,4
2024-03-18,기타,9,0.51,2.244,23
2024-03-19,휘발유,9.4,0.46,2.4116,1460
2024-03-19,경유,11.2,0.6,2.6528,1070
2024-03-19,LPG,7.5,0.79,1.6469,217
2024-03-19,하이브리드,13.8,0.5,2.4116,238
2024-03-19,전기,4.5,0.67,0,80
2024-03-19,수소,99.2,0.7,0,4
2024-03-19,기타,9,0.5,2.244,21
2024-03-20,휘발유,9.4,0.69,2.4116,1577
2024-03-20,경유,11.2,0.55,2.6528,1155
2024-03-20,LPG,7.5,0.65,1.6469,235
2024-03-20,하이브리드,13.8,0.65,2.4116,257
2024-03-20,전기,4.5,0.61,0,86
2024-03-20,수소,99.2,0.44,0,4
2024-03-20,기타,9,0.73,2.244,23
2024-03-21,휘발유,9.4,0.42,2.4116,1272
2024-03-21,경유,11.2,0.64,2.6528,932
2024-03-21,LPG,7.5,0.67,1.6469,189
2024-03-21,하이브리드,13.8,0.41,2.4116,207
2024-03-21,전기,4.5,0.6,0,70
2024-03-21,수소,99.2,0.49,0,3
2024-03-21,기타,9,0.66,2.244,18
2024-03-22,휘발유,9.4,0.47,2.4116,1372
2024-03-22,경유,11.2,0.68,2.6528,1006
2024-03-22,LPG,7.5,0.55,1.6469,204
2024-03-22,하이브리드,13.8,0.77,2.4116,224
2024-03-22,전기,4.5,0.46,0,75
2024-03-22,수소,99.2,0.54,0,4
2024-03-22,기타,9,0.45,2.244,20
2024-03-23,휘발유,9.4,0.73,2.4116,944
2024-03-23,경유,11.2,0.62,2.6528,692
2024-03-23,LPG,7.5,0.61,1.6469,140
2024-03-23,하이브리드,13.8,0.5,2.4116,154
2024-03-23,전기,4.5,0.44,0,52
2024-03-23,수소,99.2,0.76,0,2
2024-03-23,기타,9,0.76,2.244,13
2024-03-24,휘발유,9.4,0.65,2.4116,462
2024-03-24,경유,11.2,0.54,2.6528,338
2024-03-24,LPG,7.5,0.54,1.6469,68
2024-03-24,하이브리드,13.8,0.69,2.4116,75
2024-03-24,전기,4.5,0.76,0,25
2024-03-24,수소,99.2,0.75,0,1
2024-03-24,기타,9,0.71,2.244,6
2024-03-25,휘발유,9.4,0.46,2.4116,1345
2024-03-25,경유,11.2,0.76,2.6528,986
2024-03-25,LPG,7.5,0.64,1.6469,200
2024-03-25,하이브리드,13.8,0.4,2.4116,219
2024-03-25,전기,4.5,0.44,0,74
2024-03-25,수소,99.2,0.67,0,3
2024-03-25,기타,9,0.4,2.244,19
2024-03-26,휘발유,9.4,0.46,2.4116,1561
2024-03-26,경유,11.2,0.62,2.6528,1144
2024-03-26,LPG,7.5,0.68,1.6469,232
2024-03-26,하이브리드,13.8,0.66,2.4116,254
2024-03-26,전기,4.5,0.49,0,85
2024-03-26,수소,99.2,0.68,0,4
2024-03-26,기타,9,0.49,2.244,22
2024-03-27,휘발유,9.4,0.66,2.4116,1779
2024-03-27,경유,11.2,0.74,2.6528,1304
2024-03-27,LPG,7.5,0.66,1.6469,265
2024-03-27,하이브리드,13.8,0.63,2.4116,290
2024-03-27,전기,4.5,0.44,0,97
2024-03-27,수소,99.2,0.55,0,5
2024-03-27,기타,9,0.51,2.244,26
2024-03-28,휘발유,9.4,0.5,2.4116,1312
2024-03-28,경유,11.2,0.79,2.6528,961
2024-03-28,LPG,7.5,0.56,1.6469,195
2024-03-28,하이브리드,13.8,0.76,2.4116,214
2024-03-28,전기,4.5,0.65,0,72
2024-03-28,수소,99.2,0.72,0,3
2024-03-28,기타,9,0.6,2.244,19
2024-03-29,휘발유,9.4,0.48,2.4116,1443
2024-03-29,경유,11.2,0.69,2.6528,1058
2024-03-29,LPG,7.5,0.51,1.6469,215
2024-03-29,하이브리드,13.8,0.41,2.4116,235
2024-03-29,전기,4.5,0.66,0,79
2024-03-29,수소,99.2,0.47,0,4
2024-03-29,기타,9,0.78,2.244,21
2024-03-30,휘발유,9.4,0.78,2.4116,1395
2024-03-30,경유,11.2,0.77,2.6528,1022
2024-03-30,LPG,7.5,0.55,1.6469,208
2024-03-30,하이브리드,13.8,0.41,2.4116,227
2024-03-30,전기,4.5,0.77,0,76
2024-03-30,수소,99.2,0.57,0,4
2024-03-30,기타,9,0.79,2.244,20
2024-03-31,휘발유,9.4,0.74,2.4116,552
2024-03-31,경유,11.2,0.53,2.6528,405
2024-03-31,LPG,7.5,0.47,1.6469,82
2024-03-31,하이브리드,13.8,0.62,2.4116,90
2024-03-31,전기,4.5,0.77,0,30
2024-03-31,수소,99.2,0.68,0,1
2024-03-31,기타,9,0.63,2.244,8
2024-04-01,휘발유,9.4,0.44,2.4116,1148
2024-04-01,경유,11.2,0.65,2.6528,841
2024-04-01,LPG,7.5,0.8,1.6469,171
2024-04-01,하이브리드,13.8,0.46,2.4116,187
2024-04-01,전기,4.5,0.61,0,63
2024-04-01,수소,99.2,0.75,0,3
2024-04-01,기타,9,0.7,2.244,16
2024-04-02,휘발유,9.4,0.54,2.4116,1761
2024-04-02,경유,11.2,0.52,2.6528,1291
2024-04-02,LPG,7.5,0.72,1.6469,262
2024-04-02,하이브리드,13.8,0.72,2.4116,287
2024-04-02,전기,4.5,0.75,0,97
2024-04-02,수소,99.2,0.77,0,5
2024-04-02,기타,9,0.6,2.244,25
2024-04-03,휘발유,9.4,0.6,2.4116,1755
2024-04-03,경유,11.2,0.72,2.6528,1286
2024-04-03,LPG,7.5,0.66,1.6469,261
2024-04-03,하이브리드,13.8,0.68,2.4116,286
2024-04-03,전기,4.5,0.72,0,96
2024-04-03,수소,99.2,0.76,0,5
2024-04-03,기타,9,0.54,2.244,25
2024-04-04,휘발유,9.4,0.63,2.4116,1323
2024-04-04,경유,11.2,0.41,2.6528,970
2024-04-04,LPG,7.5,0.59,1.6469,197
2024-04-04,하이브리드,13.8,0.62,2.4116,216
2024-04-04,전기,4.5,0.51,0,72
2024-04-04,수소,99.2,0.64,0,3
2024-04-04,기타,9,0.41,2.244,19
2024-04-05,휘발유,9.4,0.41,2.4116,1450
2024-04-05,경유,11.2,0.73,2.6528,1062
2024-04-05,LPG,7.5,0.54,1.6469,216
2024-04-05,하이브리드,13.8,0.45,2.4116,236
2024-04-05,전기,4.5,0.61,0,79
2024-04-05,수소,99.2,0.71,0,4
2024-04-05,기타,9,0.49,2.244,21
2024-04-06,휘발유,9.4,0.42,2.4116,580
2024-04-06,경유,11.2,0.61,2.6528,425
2024-04-06,LPG,7.5,0.62,1.6469,86
2024-04-06,하이브리드,13.8,0.65,2.4116,94
2024-04-06,전기,4.5,0.69,0,31
2024-04-06,수소,99.2,0.79,0,1
2024-04-06,기타,9,0.61,2.244,8
2024-04-07,휘발유,9.4,0.53,2.4116,804
2024-04-07,경유,11.2,0.72,2.6528,589
2024-04-07,LPG,7.5,0.51,1.6469,119
2024-04-07,하이브리드,13.8,0.58,2.4116,131
2024-04-07,전기,4.5,0.43,0,44
2024-04-07,수소,99.2,0.41,0,2
2024-04-07,기타,9,0.79,2.244,11
2024-04-08,휘발유,9.4,0.56,2.4116,1625
2024-04-08,경유,11.2,0.47,2.6528,1191
2024-04-08,LPG,7.5,0.46,1.6469,242
2024-04-08,하이브리드,13.8,0.5,2.4116,265
2024-04-08,전기,4.5,0.62,0,89
2024-04-08,수소,99.2,0.69,0,4
2024-04-08,기타,9,0.66,2.244,23
2024-04-09,휘발유,9.4,0.51,2.4116,1710
2024-04-09,경유,11.2,0.78,2.6528,1253
2024-04-09,LPG,7.5,0.7,1.6469,255
2024-04-09,하이브리드,13.8,0.62,2.4116,279
2024-04-09,전기,4.5,0.64,0,94
2024-04-09,수소,99.2,0.57,0,5
2024-04-09,기타,9,0.5,2.244,24
2024-04-10,휘발유,9.4,0.41,2.4116,1805
2024-04-10,경유,11.2,0.45,2.6528,1323
2024-04-10,LPG,7.5,0.42,1.6469,269
2024-04-10,하이브리드,13.8,0.42,2.4116,294
2024-04-10,전기,4.5,0.74,0,99
2024-04-10,수소,99.2,0.68,0,5
2024-04-10,기타,9,0.59,2.244,26
2024-04-11,휘발유,9.4,0.44,2.4116,1339
2024-04-11,경유,11.2,0.6,2.6528,981
2024-04-11,LPG,7.5,0.59,1.6469,199
2024-04-11,하이브리드,13.8,0.47,2.4116,218
2024-04-11,전기,4.5,0.57,0,73
2024-04-11,수소,99.2,0.56,0,3
2024-04-11,기타,9,0.65,2.244,19
2024-04-12,휘발유,9.4,0.55,2.4116,1402
2024-04-12,경유,11.2,0.65,2.6528,1027
2024-04-12,LPG,7.5,0.6,1.6469,209
2024-04-12,하이브리드,13.8,0.74,2.4116,228
2024-04-12,전기,4.5,0.66,0,77
2024-04-12,수소,99.2,0.47,0,4
2024-04-12,기타,9,0.43,2.244,20
2024-04-13,휘발유,9.4,0.66,2.4116,783
2024-04-13,경유,11.2,0.41,2.6528,574
2024-04-13,LPG,7.5,0.63,1.6469,116
2024-04-13,하이브리드,13.8,0.78,2.4116,127
2024-04-13,전기,4.5,0.63,0,43
2024-04-13,수소,99.2,0.56,0,2
2024-04-13,기타,9,0.66,2.244,11
2024-04-14,휘발유,9.4,0.78,2.4116,1256
2024-04-14,경유,11.2,0.55,2.6528,920
2024-04-14,LPG,7.5,0.78,1.6469,187
2024-04-14,하이브리드,13.8,0.76,2.4116,205
2024-04-14,전기,4.5,0.48,0,69
2024-04-14,수소,99.2,0.43,0,3
2024-04-14,기타,9,0.44,2.244,18
2024-04-15,휘발유,9.4,0.41,2.4116,1045
2024-04-15,경유,11.2,0.44,2.6528,766
2024-04-15,LPG,7.5,0.67,1.6469,155
2024-04-15,하이브리드,13.8,0.43,2.4116,170
2024-04-15,전기,4.5,0.53,0,57
2024-04-15,수소,99.2,0.74,0,3
2024-04-15,기타,9,0.41,2.244,15
2024-04-16,휘발유,9.4,0.45,2.4116,1367
2024-04-16,경유,11.2,0.68,2.6528,1001
2024-04-16,LPG,7.5,0.65,1.6469,203
2024-04-16,하이브리드,13.8,0.75,2.4116,223
2024-04-16,전기,4.5,0.69,0,75
2024-04-16,수소,99.2,0.72,0,4
2024-04-16,기타,9,0.51,2.244,19
2024-04-17,휘발유,9.4,0.47,2.4116,1706
2024-04-17,경유,11.2,0.7,2.6528,1250
2024-04-17,LPG,7.5,0.72,1.6469,254
2024-04-17,하이브리드,13.8,0.8,2.4116,278
2024-04-17,전기,4.5,0.57,0,93
2024-04-17,수소,99.2,0.55,0,5
2024-04-17,기타,9,0.71,2.244,24
2024-04-18,휘발유,9.4,0.74,2.4116,1635
2024-04-18,경유,11.2,0.57,2.6528,1198
2024-04-18,LPG,7.5,0.7,1.6469,243
2024-04-18,하이브리드,13.8,0.7,2.4116,266
2024-04-18,전기,4.5,0.44,0,90
2024-04-18,수소,99.2,0.76,0,4
2024-04-18,기타,9,0.6,2.244,23
2024-04-19,휘발유,9.4,0.73,2.4116,1458
2024-04-19,경유,11.2,0.53,2.6528,1069
2024-04-19,LPG,7.5,0.76,1.6469,217
2024-04-19,하이브리드,13.8,0.56,2.4116,238
2024-04-19,전기,4.5,0.4,0,80
2024-04-19,수소,99.2,0.76,0,4
2024-04-19,기타,9,0.44,2.244,21
2024-04-20,휘발유,9.4,0.78,2.4116,829
2024-04-20,경유,11.2,0.63,2.6528,608
2024-04-20,LPG,7.5,0.65,1.6469,123
2024-04-20,하이브리드,13.8,0.58,2.4116,135
2024-04-20,전기,4.5,0.52,0,45
2024-04-20,수소,99.2,0.53,0,2
2024-04-20,기타,9,0.67,2.244,12
2024-04-21,휘발유,9.4,0.7,2.4116,722
2024-04-21,경유,11.2,0.72,2.6528,529
2024-04-21,LPG,7.5,0.72,1.6469,107
2024-04-21,하이브리드,13.8,0.44,2.4116,117
2024-04-21,전기,4.5,0.6,0,39
2024-04-21,수소,99.2,0.42,0,2
2024-04-21,기타,9,0.62,2.244,10
2024-04-22,휘발유,9.4,0.54,2.4116,1736
2024-04-22,경유,11.2,0.45,2.6528,1272
2024-04-22,LPG,7.5,0.46,1.6469,258
2024-04-22,하이브리드,13.8,0.7,2.4116,283
2024-04-22,전기,4.5,0.65,0,95
2024-04-22,수소,99.2,0.44,0,5
2024-04-22,기타,9,0.43,2.244,25
2024-04-23,휘발유,9.4,0.68,2.4116,1471
2024-04-23,경유,11.2,0.43,2.6528,1078
2024-04-23,LPG,7.5,0.73,1.6469,219
2024-04-23,하이브리드,13.8,0.68,2.4116,240
2024-04-23,전기,4.5,0.43,0,81
2024-04-23,수소,99.2,0.43,0,4
2024-04-23,기타,9,0.79,2.244,21
2024-04-24,휘발유,9.4,0.73,2.4116,1164
2024-04-24,경유,11.2,0.78,2.6528,853
2024-04-24,LPG,7.5,0.79,1.6469,173
2024-04-24,하이브리드,13.8,0.7,2.4116,190
2024-04-24,전기,4.5,0.55,0,64
2024-04-24,수소,99.2,0.43,0,3
2024-04-24,기타,9,0.71,2.244,17
2024-04-25,휘발유,9.4,0.62,2.4116,1173
2024-04-25,경유,11.2,0.57,2.6528,860
2024-04-25,LPG,7.5,0.76,1.6469,175
2024-04-25,하이브리드,13.8,0.44,2.4116,191
2024-04-25,전기,4.5,0.6,0,64
2024-04-25,수소,99.2,0.4,0,3
2024-04-25,기타,9,0.59,2.244,17
2024-04-26,휘발유,9.4,0.7,2.4116,1582
2024-04-26,경유,11.2,0.63,2.6528,1159
2024-04-26,LPG,7.5,0.78,1.6469,235
2024-04-26,하이브리드,13.8,0.55,2.4116,258
2024-04-26,전기,4.5,0.51,0,87
2024-04-26,수소,99.2,0.75,0,4
2024-04-26,기타,9,0.49,2.244,23
2024-04-27,휘발유,9.4,0.79,2.4116,557
2024-04-27,경유,11.2,0.4,2.6528,408
2024-04-27,LPG,7.5,0.79,1.6469,83
2024-04-27,하이브리드,13.8,0.42,2.4116,91
2024-04-27,전기,4.5,0.76,0,30
2024-04-27,수소,99.2,0.61,0,1
2024-04-27,기타,9,0.8,2.244,8
2024-04-28,휘발유,9.4,0.79,2.4116,775
2024-04-28,경유,11.2,0.61,2.6528,568
2024-04-28,LPG,7.5,0.65,1.6469,115
2024-04-28,하이브리드,13.8,0.68,2.4116,126
2024-04-28,전기,4.5,0.58,0,42
2024-04-28,수소,99.2,0.65,0,2
2024-04-28,기타,9,0.63,2.244,11
2024-04-29,휘발유,9.4,0.76,2.4116,1323
2024-04-29,경유,11.2,0.42,2.6528,970
2024-04-29,LPG,7.5,0.51,1.6469,197
2024-04-29,하이브리드,13.8,0.78,2.4116,216
2024-04-29,전기,4.5,0.76,0,72
2024-04-29,수소,99.2,0.58,0,3
2024-04-29,기타,9,0.65,2.244,19
2024-04-30,휘발유,9.4,0.59,2.4116,1307
2024-04-30,경유,11.2,0.54,2.6528,958
2024-04-30,LPG,7.5,0.63,1.6469,195
2024-04-30,하이브리드,13.8,0.43,2.4116,213
2024-04-30,전기,4.5,0.79,0,72
2024-04-30,수소,99.2,0.79,0,3
2024-04-30,기타,9,0.68,2.244,19
2024-05-01,휘발유,9.4,0.61,2.4116,1364
2024-05-01,경유,11.2,0.52,2.6528,1000
2024-05-01,LPG,7.5,0.73,1.6469,203
2024-05-01,하이브리드,13.8,0.67,2.4116,222
2024-05-01,전기,4.5,0.47,0,75
2024-05-01,수소,99.2,0.76,0,4
2024-05-01,기타,9,0.73,2.244,19
2024-05-02,휘발유,9.4,0.77,2.4116,1194
2024-05-02,경유,11.2,0.75,2.6528,875
2024-05-02,LPG,7.5,0.42,1.6469,178
2024-05-02,하이브리드,13.8,0.41,2.4116,195
2024-05-02,전기,4.5,0.55,0,65
2024-05-02,수소,99.2,0.72,0,3
2024-05-02,기타,9,0.79,2.244,17
2024-05-03,휘발유,9.4,0.46,2.4116,1938
2024-05-03,경유,11.2,0.64,2.6528,1420
2024-05-03,LPG,7.5,0.55,1.6469,288
2024-05-03,하이브리드,13.8,0.79,2.4116,316
2024-05-03,전기,4.5,0.74,0,106
2024-05-03,수소,99.2,0.74,0,5
2024-05-03,기타,9,0.59,2.244,28
2024-05-04,휘발유,9.4,0.42,2.4116,376
2024-05-04,경유,11.2,0.75,2.6528,275
2024-05-04,LPG,7.5,0.73,1.6469,56
2024-05-04,하이브리드,13.8,0.8,2.4116,61
2024-05-04,전기,4.5,0.8,0,20
2024-05-04,수소,99.2,0.62,0,1
2024-05-04,기타,9,0.71,2.244,5
2024-05-05,휘발유,9.4,0.78,2.4116,611
2024-05-05,경유,11.2,0.74,2.6528,448
2024-05-05,LPG,7.5,0.5,1.6469,91
2024-05-05,하이브리드,13.8,0.58,2.4116,99
2024-05-05,전기,4.5,0.45,0,33
2024-05-05,수소,99.2,0.78,0,1
2024-05-05,기타,9,0.64,2.244,8
2024-05-06,휘발유,9.4,0.65,2.4116,1673
2024-05-06,경유,11.2,0.54,2.6528,1226
2024-05-06,LPG,7.5,0.45,1.6469,249
2024-05-06,하이브리드,13.8,0.67,2.4116,273
2024-05-06,전기,4.5,0.61,0,92
2024-05-06,수소,99.2,0.71,0,4
2024-05-06,기타,9,0.61,2.244,24
2024-05-07,휘발유,9.4,0.74,2.4116,1240
2024-05-07,경유,11.2,0.62,2.6528,909
2024-05-07,LPG,7.5,0.62,1.6469,184
2024-05-07,하이브리드,13.8,0.75,2.4116,202
2024-05-07,전기,4.5,0.56,0,68
2024-05-07,수소,99.2,0.45,0,3
2024-05-07,기타,9,0.41,2.244,18
2024-05-08,휘발유,9.4,0.68,2.4116,1658
2024-05-08,경유,11.2,0.49,2.6528,1215
2024-05-08,LPG,7.5,0.45,1.6469,247
2024-05-08,하이브리드,13.8,0.41,2.4116,270
2024-05-08,전기,4.5,0.54,0,91
2024-05-08,수소,99.2,0.64,0,4
2024-05-08,기타,9,0.56,2.244,24
2024-05-09,휘발유,9.4,0.57,2.4116,1829
2024-05-09,경유,11.2,0.76,2.6528,1340
2024-05-09,LPG,7.5,0.54,1.6469,272
2024-05-09,하이브리드,13.8,0.61,2.4116,298
2024-05-09,전기,4.5,0.71,0,100
2024-05-09,수소,99.2,0.56,0,5
2024-05-09,기타,9,0.65,2.244,26
2024-05-10,휘발유,9.4,0.58,2.4116,1104
2024-05-10,경유,11.2,0.79,2.6528,809
2024-05-10,LPG,7.5,0.6,1.6469,164
2024-05-10,하이브리드,13.8,0.53,2.4116,180
2024-05-10,전기,4.5,0.65,0,60
2024-05-10,수소,99.2,0.5,0,3
2024-05-10,기타,9,0.43,2.244,16
2024-05-11,휘발유,9.4,0.45,2.4116,739
2024-05-11,경유,11.2,0.45,2.6528,542
2024-05-11,LPG,7.5,0.46,1.6469,110
2024-05-11,하이브리드,13.8,0.46,2.4116,120
2024-05-11,전기,4.5,0.66,0,40
2024-05-11,수소,99.2,0.47,0,2
2024-05-11,기타,9,0.54,2.244,10
2024-05-12,휘발유,9.4,0.67,2.4116,738
2024-05-12,경유,11.2,0.47,2.6528,540
2024-05-12,LPG,7.5,0.48,1.6469,110
2024-05-12,하이브리드,13.8,0.42,2.4116,120
2024-05-12,전기,4.5,0.47,0,40
2024-05-12,수소,99.2,0.51,0,2
2024-05-12,기타,9,0.47,2.244,10
2024-05-13,휘발유,9.4,0.44,2.4116,1731
2024-05-13,경유,11.2,0.45,2.6528,1269
2024-05-13,LPG,7.5,0.58,1.6469,258
2024-05-13,하이브리드,13.8,0.48,2.4116,282
2024-05-13,전기,4.5,0.55,0,95
2024-05-13,수소,99.2,0.6,0,5
2024-05-13,기타,9,0.68,2.244,25
2024-05-14,휘발유,9.4,0.75,2.4116,1341
2024-05-14,경유,11.2,0.77,2.6528,982
2024-05-14,LPG,7.5,0.42,1.6469,199
2024-05-14,하이브리드,13.8,0.51,2.4116,218
2024-05-14,전기,4.5,0.72,0,73
2024-05-14,수소,99.2,0.7,0,3
2024-05-14,기타,9,0.47,2.244,19
2024-05-15,휘발유,9.4,0.48,2.4116,1556
2024-05-15,경유,11.2,0.55,2.6528,1141
2024-05-15,LPG,7.5,0.59,1.6469,232
2024-05-15,하이브리드,13.8,0.65,2.4116,254
2024-05-15,전기,4.5,0.55,0,85
2024-05-15,수소,99.2,0.59,0,4
2024-05-15,기타,9,0.7,2.244,22
2024-05-16,휘발유,9.4,0.6,2.4116,1642
2024-05-16,경유,11.2,0.61,2.6528,1203
2024-05-16,LPG,7.5,0.44,1.6469,244
2024-05-16,하이브리드,13.8,0.58,2.4116,268
2024-05-16,전기,4.5,0.61,0,90
2024-05-16,수소,99.2,0.5,0,4
2024-05-16,기타,9,0.51,2.244,23
2024-05-17,휘발유,9.4,0.55,2.4116,1579
2024-05-17,경유,11.2,0.41,2.6528,1157
2024-05-17,LPG,7.5,0.53,1.6469,235
2024-05-17,하이브리드,13.8,0.48,2.4116,257
2024-05-17,전기,4.5,0.53,0,86
2024-05-17,수소,99.2,0.45,0,4
2024-05-17,기타,9,0.76,2.244,23
2024-05-18,휘발유,9.4,0.72,2.4116,1151
2024-05-18,경유,11.2,0.6,2.6528,843
2024-05-18,LPG,7.5,0.43,1.6469,171
2024-05-18,하이브리드,13.8,0.61,2.4116,187
2024-05-18,전기,4.5,0.63,0,63
2024-05-18,수소,99.2,0.7,0,3
2024-05-18,기타,9,0.57,2.244,16
2024-05-19,휘발유,9.4,0.45,2.4116,960
2024-05-19,경유,11.2,0.51,2.6528,704
2024-05-19,LPG,7.5,0.55,1.6469,143
2024-05-19,하이브리드,13.8,0.66,2.4116,156
2024-05-19,전기,4.5,0.63,0,52
2024-05-19,수소,99.2,0.54,0,2
2024-05-19,기타,9,0.79,2.244,14
2024-05-20,휘발유,9.4,0.44,2.4116,1175
2024-05-20,경유,11.2,0.46,2.6528,861
2024-05-20,LPG,7.5,0.5,1.6469,175
2024-05-20,하이브리드,13.8,0.46,2.4116,191
2024-05-20,전기,4.5,0.47,0,64
2024-05-20,수소,99.2,0.51,0,3
2024-05-20,기타,9,0.47,2.244,17
2024-05-21,휘발유,9.4,0.76,2.4116,1639
2024-05-21,경유,11.2,0.43,2.6528,1201
2024-05-21,LPG,7.5,0.61,1.6469,244
2024-05-21,하이브리드,13.8,0.56,2.4116,267
2024-05-21,전기,4.5,0.79,0,90
2024-05-21,수소,99.2,0.44,0,4
2024-05-21,기타,9,0.56,2.244,23
2024-05-22,휘발유,9.4,0.47,2.4116,1369
2024-05-22,경유,11.2,0.67,2.6528,1004
2024-05-22,LPG,7.5,0.77,1.6469,204
2024-05-22,하이브리드,13.8,0.62,2.4116,223
2024-05-22,전기,4.5,0.63,0,75
2024-05-22,수소,99.2,0.51,0,4
2024-05-22,기타,9,0.71,2.244,20
2024-05-23,휘발유,9.4,0.47,2.4116,1684
2024-05-23,경유,11.2,0.53,2.6528,1234
2024-05-23,LPG,7.5,0.57,1.6469,251
2024-05-23,하이브리드,13.8,0.6,2.4116,275
2024-05-23,전기,4.5,0.5,0,92
2024-05-23,수소,99.2,0.45,0,4
2024-05-23,기타,9,0.64,2.244,24
2024-05-24,휘발유,9.4,0.46,2.4116,1656
2024-05-24,경유,11.2,0.59,2.6528,1214
2024-05-24,LPG,7.5,0.61,1.6469,247
2024-05-24,하이브리드,13.8,0.42,2.4116,270
2024-05-24,전기,4.5,0.53,0,91
2024-05-24,수소,99.2,0.45,0,4
2024-05-24,기타,9,0.43,2.244,24
2024-05-25,휘발유,9.4,0.8,2.4116,360
2024-05-25,경유,11.2,0.53,2.6528,264
2024-05-25,LPG,7.5,0.72,1.6469,53
2024-05-25,하이브리드,13.8,0.5,2.4116,58
2024-05-25,전기,4.5,0.67,0,19
2024-05-25,수소,99.2,0.7,0,1
2024-05-25,기타,9,0.64,2.244,5
2024-05-26,휘발유,9.4,0.54,2.4116,169
2024-05-26,경유,11.2,0.77,2.6528,124
2024-05-26,LPG,7.5,0.73,1.6469,25
2024-05-26,하이브리드,13.8,0.79,2.4116,27
2024-05-26,전기,4.5,0.45,0,9
2024-05-26,수소,99.2,0.69,0,0
2024-05-26,기타,9,0.78,2.244,2
2024-05-27,휘발유,9.4,0.47,2.4116,1317
2024-05-27,경유,11.2,0.43,2.6528,965
2024-05-27,LPG,7.5,0.7,1.6469,196
2024-05-27,하이브리드,13.8,0.63,2.4116,215
2024-05-27,전기,4.5,0.74,0,72
2024-05-27,수소,99.2,0.46,0,3
2024-05-27,기타,9,0.72,2.244,19
2024-05-28,휘발유,9.4,0.47,2.4116,1391
2024-05-28,경유,11.2,0.73,2.6528,1019
2024-05-28,LPG,7.5,0.67,1.6469,207
2024-05-28,하이브리드,13.8,0.61,2.4116,227
2024-05-28,전기,4.5,0.54,0,76
2024-05-28,수소,99.2,0.75,0,4
2024-05-28,기타,9,0.56,2.244,20
2024-05-29,휘발유,9.4,0.73,2.4116,1403
2024-05-29,경유,11.2,0.58,2.6528,1028
2024-05-29,LPG,7.5,0.55,1.6469,209
2024-05-29,하이브리드,13.8,0.59,2.4116,229
2024-05-29,전기,4.5,0.52,0,77
2024-05-29,수소,99.2,0.7,0,4
2024-05-29,기타,9,0.6,2.244,20
2024-05-30,휘발유,9.4,0.55,2.4116,1583
2024-05-30,경유,11.2,0.62,2.6528,1160
2024-05-30,LPG,7.5,0.76,1.6469,236
2024-05-30,하이브리드,13.8,0.65,2.4116,258
2024-05-30,전기,4.5,0.45,0,87
2024-05-30,수소,99.2,0.78,0,4
2024-05-30,기타,9,0.65,2.244,23
2024-05-31,휘발유,9.4,0.53,2.4116,1454
2024-05-31,경유,11.2,0.46,2.6528,1065
2024-05-31,LPG,7.5,0.72,1.6469,216
2024-05-31,하이브리드,13.8,0.65,2.4116,237
2024-05-31,전기,4.5,0.61,0,80
2024-05-31,수소,99.2,0.76,0,4
2024-05-31,기타,9,0.72,2.244,21
2024-06-01,휘발유,9.4,0.5,2.4116,644
2024-06-01,경유,11.2,0.7,2.6528,472
2024-06-01,LPG,7.5,0.41,1.6469,96
2024-06-01,하이브리드,13.8,0.63,2.4116,105
2024-06-01,전기,4.5,0.7,0,35
2024-06-01,수소,99.2,0.75,0,1
2024-06-01,기타,9,0.54,2.244,9
2024-06-02,휘발유,9.4,0.73,2.4116,552
2024-06-02,경유,11.2,0.44,2.6528,404
2024-06-02,LPG,7.5,0.74,1.6469,82
2024-06-02,하이브리드,13.8,0.45,2.4116,90
2024-06-02,전기,4.5,0.56,0,30
2024-06-02,수소,99.2,0.72,0,1
2024-06-02,기타,9,0.46,2.244,8
2024-06-03,휘발유,9.4,0.69,2.4116,1684
2024-06-03,경유,11.2,0.66,2.6528,1234
2024-06-03,LPG,7.5,0.68,1.6469,251
2024-06-03,하이브리드,13.8,0.62,2.4116,275
2024-06-03,전기,4.5,0.5,0,92
2024-06-03,수소,99.2,0.54,0,4
2024-06-03,기타,9,0.47,2.244,24
2024-06-04,휘발유,9.4,0.76,2.4116,1288
2024-06-04,경유,11.2,0.63,2.6528,944
2024-06-04,LPG,7.5,0.56,1.6469,192
2024-06-04,하이브리드,13.8,0.58,2.4116,210
2024-06-04,전기,4.5,0.78,0,70
2024-06-04,수소,99.2,0.46,0,3
2024-06-04,기타,9,0.63,2.244,18
2024-06-05,휘발유,9.4,0.41,2.4116,2083
2024-06-05,경유,11.2,0.75,2.6528,1527
2024-06-05,LPG,7.5,0.77,1.6469,310
2024-06-05,하이브리드,13.8,0.63,2.4116,340
2024-06-05,전기,4.5,0.68,0,114
2024-06-05,수소,99.2,0.77,0,6
2024-06-05,기타,9,0.68,2.244,30
2024-06-06,휘발유,9.4,0.46,2.4116,1536
2024-06-06,경유,11.2,0.63,2.6528,1126
2024-06-06,LPG,7.5,0.64,1.6469,229
2024-06-06,하이브리드,13.8,0.57,2.4116,250
2024-06-06,전기,4.5,0.69,0,84
2024-06-06,수소,99.2,0.77,0,4
2024-06-06,기타,9,0.77,2.244,22
2024-06-07,휘발유,9.4,0.79,2.4116,1272
2024-06-07,경유,11.2,0.74,2.6528,932
2024-06-07,LPG,7.5,0.45,1.6469,189
2024-06-07,하이브리드,13.8,0.77,2.4116,207
2024-06-07,전기,4.5,0.75,0,70
2024-06-07,수소,99.2,0.61,0,3
2024-06-07,기타,9,0.64,2.244,18
2024-06-08,휘발유,9.4,0.56,2.4116,723
2024-06-08,경유,11.2,0.42,2.6528,530
2024-06-08,LPG,7.5,0.53,1.6469,107
2024-06-08,하이브리드,13.8,0.72,2.4116,118
2024-06-08,전기,4.5,0.4,0,39
2024-06-08,수소,99.2,0.53,0,2
2024-06-08,기타,9,0.56,2.244,10
2024-06-09,휘발유,9.4,0.54,2.4116,947
2024-06-09,경유,11.2,0.54,2.6528,694
2024-06-09,LPG,7.5,0.7,1.6469,141
2024-06-09,하이브리드,13.8,0.58,2.4116,154
2024-06-09,전기,4.5,0.49,0,52
2024-06-09,수소,99.2,0.58,0,2
2024-06-09,기타,9,0.46,2.244,13
2024-06-10,휘발유,9.4,0.47,2.4116,1523
2024-06-10,경유,11.2,0.6,2.6528,1116
2024-06-10,LPG,7.5,0.57,1.6469,227
2024-06-10,하이브리드,13.8,0.77,2.4116,248
2024-06-10,전기,4.5,0.54,0,83
2024-06-10,수소,99.2,0.63,0,4
2024-06-10,기타,9,0.65,2.244,22
2024-06-11,휘발유,9.4,0.43,2.4116,1442
2024-06-11,경유,11.2,0.8,2.6528,1057
2024-06-11,LPG,7.5,0.6,1.6469,215
2024-06-11,하이브리드,13.8,0.64,2.4116,235
2024-06-11,전기,4.5,0.43,0,79
2024-06-11,수소,99.2,0.7,0,4
2024-06-11,기타,9,0.48,2.244,21
2024-06-12,휘발유,9.4,0.76,2.4116,1244
2024-06-12,경유,11.2,0.48,2.6528,912
2024-06-12,LPG,7.5,0.48,1.6469,185
2024-06-12,하이브리드,13.8,0.41,2.4116,203
2024-06-12,전기,4.5,0.59,0,68
2024-06-12,수소,99.2,0.63,0,3
2024-06-12,기타,9,0.43,2.244,18
2024-06-13,휘발유,9.4,0.61,2.4116,1445
2024-06-13,경유,11.2,0.58,2.6528,1059
2024-06-13,LPG,7.5,0.56,1.6469,215
2024-06-13,하이브리드,13.8,0.62,2.4116,236
2024-06-13,전기,4.5,0.46,0,79
2024-06-13,수소,99.2,0.47,0,4
2024-06-13,기타,9,0.74,2.244,21
2024-06-14,휘발유,9.4,0.78,2.4116,1861
2024-06-14,경유,11.2,0.55,2.6528,1364
2024-06-14,LPG,7.5,0.51,1.6469,277
2024-06-14,하이브리드,13.8,0.66,2.4116,303
2024-06-14,전기,4.5,0.56,0,102
2024-06-14,수소,99.2,0.41,0,5
2024-06-14,기타,9,0.46,2.244,27
2024-06-15,휘발유,9.4,0.41,2.4116,973
2024-06-15,경유,11.2,0.49,2.6528,713
2024-06-15,LPG,7.5,0.49,1.6469,145
2024-06-15,하이브리드,13.8,0.67,2.4116,158
2024-06-15,전기,4.5,0.41,0,53
2024-06-15,수소,99.2,0.44,0,2
2024-06-15,기타,9,0.72,2.244,14
2024-06-16,휘발유,9.4,0.47,2.4116,1053
2024-06-16,경유,11.2,0.66,2.6528,771
2024-06-16,LPG,7.5,0.5,1.6469,156
2024-06-16,하이브리드,13.8,0.44,2.4116,171
2024-06-16,전기,4.5,0.5,0,57
2024-06-16,수소,99.2,0.69,0,3
2024-06-16,기타,9,0.74,2.244,15
2024-06-17,휘발유,9.4,0.67,2.4116,1420
2024-06-17,경유,11.2,0.48,2.6528,1041
2024-06-17,LPG,7.5,0.52,1.6469,211
2024-06-17,하이브리드,13.8,0.76,2.4116,231
2024-06-17,전기,4.5,0.41,0,78
2024-06-17,수소,99.2,0.43,0,4
2024-06-17,기타,9,0.48,2.244,20
2024-06-18,휘발유,9.4,0.41,2.4116,1779
2024-06-18,경유,11.2,0.47,2.6528,1304
2024-06-18,LPG,7.5,0.63,1.6469,265
2024-06-18,하이브리드,13.8,0.57,2.4116,290
2024-06-18,전기,4.5,0.76,0,97
2024-06-18,수소,99.2,0.73,0,5
2024-06-18,기타,9,0.54,2.244,26
2024-06-19,휘발유,9.4,0.64,2.4116,1339
2024-06-19,경유,11.2,0.51,2.6528,981
2024-06-19,LPG,7.5,0.65,1.6469,199
2024-06-19,하이브리드,13.8,0.56,2.4116,218
2024-06-19,전기,4.5,0.62,0,73
2024-06-19,수소,99.2,0.57,0,3
2024-06-19,기타,9,0.52,2.244,19
2024-06-20,휘발유,9.4,0.78,2.4116,1173
2024-06-20,경유,11.2,0.71,2.6528,860
2024-06-20,LPG,7.5,0.46,1.6469,174
2024-06-20,하이브리드,13.8,0.75,2.4116,191
2024-06-20,전기,4.5,0.59,0,64
2024-06-20,수소,99.2,0.76,0,3
2024-06-20,기타,9,0.72,2.244,17
2024-06-21,휘발유,9.4,0.51,2.4116,1420
2024-06-21,경유,11.2,0.62,2.6528,1041
2024-06-21,LPG,7.5,0.65,1.6469,211
2024-06-21,하이브리드,13.8,0.5,2.4116,231
2024-06-21,전기,4.5,0.46,0,78
2024-06-21,수소,99.2,0.73,0,4
2024-06-21,기타,9,0.79,2.244,20
2024-06-22,휘발유,9.4,0.61,2.4116,739
2024-06-22,경유,11.2,0.47,2.6528,541
2024-06-22,LPG,7.5,0.51,1.6469,110
2024-06-22,하이브리드,13.8,0.41,2.4116,120
2024-06-22,전기,4.5,0.77,0,40
2024-06-22,수소,99.2,0.45,0,2
2024-06-22,기타,9,0.63,2.244,10
2024-06-23,휘발유,9.4,0.66,2.4116,849
2024-06-23,경유,11.2,0.73,2.6528,622
2024-06-23,LPG,7.5,0.48,1.6469,126
2024-06-23,하이브리드,13.8,0.4,2.4116,138
2024-06-23,전기,4.5,0.45,0,46
2024-06-23,수소,99.2,0.76,0,2
2024-06-23,기타,9,0.75,2.244,12
2024-06-24,휘발유,9.4,0.64,2.4116,1104
2024-06-24,경유,11.2,0.64,2.6528,809
2024-06-24,LPG,7.5,0.67,1.6469,164
2024-06-24,하이브리드,13.8,0.47,2.4116,180
2024-06-24,전기,4.5,0.77,0,60
2024-06-24,수소,99.2,0.57,0,3
2024-06-24,기타,9,0.55,2.244,16
2024-06-25,휘발유,9.4,0.47,2.4116,1358
2024-06-25,경유,11.2,0.7,2.6528,995
2024-06-25,LPG,7.5,0.43,1.6469,202
2024-06-25,하이브리드,13.8,0.64,2.4116,221
2024-06-25,전기,4.5,0.5,0,74
2024-06-25,수소,99.2,0.56,0,4
2024-06-25,기타,9,0.52,2.244,19
2024-06-26,휘발유,9.4,0.54,2.4116,1512
2024-06-26,경유,11.2,0.69,2.6528,1108
2024-06-26,LPG,7.5,0.52,1.6469,225
2024-06-26,하이브리드,13.8,0.63,2.4116,246
2024-06-26,전기,4.5,0.59,0,83
2024-06-26,수소,99.2,0.67,0,4
2024-06-26,기타,9,0.77,2.244,22
2024-06-27,휘발유,9.4,0.41,2.4116,1303
2024-06-27,경유,11.2,0.5,2.6528,955
2024-06-27,LPG,7.5,0.64,1.6469,194
2024-06-27,하이브리드,13.8,0.42,2.4116,212
2024-06-27,전기,4.5,0.6,0,71
2024-06-27,수소,99.2,0.64,0,3
2024-06-27,기타,9,0.53,2.244,19
2024-06-28,휘발유,9.4,0.71,2.4116,1671
2024-06-28,경유,11.2,0.44,2.6528,1225
2024-06-28,LPG,7.5,0.43,1.6469,249
2024-06-28,하이브리드,13.8,0.69,2.4116,272
2024-06-28,전기,4.5,0.6,0,92
2024-06-28,수소,99.2,0.68,0,4
2024-06-28,기타,9,0.57,2.244,24
2024-06-29,휘발유,9.4,0.72,2.4116,919
2024-06-29,경유,11.2,0.68,2.6528,674
2024-06-29,LPG,7.5,0.51,1.6469,137
2024-06-29,하이브리드,13.8,0.64,2.4116,150
2024-06-29,전기,4.5,0.54,0,50
2024-06-29,수소,99.2,0.44,0,2
2024-06-29,기타,9,0.77,2.244,13
2024-06-30,휘발유,9.4,0.45,2.4116,619
2024-06-30,경유,11.2,0.78,2.6528,454
2024-06-30,LPG,7.5,0.58,1.6469,92
2024-06-30,하이브리드,13.8,0.47,2.4116,101
2024-06-30,전기,4.5,0.62,0,34
2024-06-30,수소,99.2,0.75,0,1
2024-06-30,기타,9,0.69,2.244,9
2024-07-01,휘발유,9.4,0.68,2.4116,1638
2024-07-01,경유,11.2,0.74,2.6528,1200
2024-07-01,LPG,7.5,0.5,1.6469,244
2024-07-01,하이브리드,13.8,0.6,2.4116,267
2024-07-01,전기,4.5,0.49,0,90
2024-07-01,수소,99.2,0.8,0,4
2024-07-01,기타,9,0.78,2.244,23
2024-07-02,휘발유,9.4,0.42,2.4116,1761
2024-07-02,경유,11.2,0.68,2.6528,1290
2024-07-02,LPG,7.5,0.77,1.6469,262
2024-07-02,하이브리드,13.8,0.47,2.4116,287
2024-07-02,전기,4.5,0.63,0,96
2024-07-02,수소,99.2,0.77,0,5
2024-07-02,기타,9,0.41,2.244,25
2024-07-03,휘발유,9.4,0.77,2.4116,1250
2024-07-03,경유,11.2,0.79,2.6528,916
2024-07-03,LPG,7.5,0.78,1.6469,186
2024-07-03,하이브리드,13.8,0.59,2.4116,204
2024-07-03,전기,4.5,0.74,0,68
2024-07-03,수소,99.2,0.74,0,3
2024-07-03,기타,9,0.53,2.244,18
2024-07-04,휘발유,9.4,0.73,2.4116,1754
2024-07-04,경유,11.2,0.41,2.6528,1286
2024-07-04,LPG,7.5,0.64,1.6469,261
2024-07-04,하이브리드,13.8,0.49,2.4116,286
2024-07-04,전기,4.5,0.45,0,96
2024-07-04,수소,99.2,0.43,0,5
2024-07-04,기타,9,0.68,2.244,25
2024-07-05,휘발유,9.4,0.43,2.4116,1802
2024-07-05,경유,11.2,0.53,2.6528,1321
2024-07-05,LPG,7.5,0.62,1.6469,268
2024-07-05,하이브리드,13.8,0.72,2.4116,294
2024-07-05,전기,4.5,0.53,0,99
2024-07-05,수소,99.2,0.65,0,5
2024-07-05,기타,9,0.75,2.244,26
2024-07-06,휘발유,9.4,0.65,2.4116,541
2024-07-06,경유,11.2,0.49,2.6528,396
2024-07-06,LPG,7.5,0.41,1.6469,80
2024-07-06,하이브리드,13.8,0.75,2.4116,88
2024-07-06,전기,4.5,0.41,0,29
2024-07-06,수소,99.2,0.75,0,1
2024-07-06,기타,9,0.61,2.244,7
2024-07-07,휘발유,9.4,0.59,2.4116,630
2024-07-07,경유,11.2,0.65,2.6528,462
2024-07-07,LPG,7.5,0.75,1.6469,94
2024-07-07,하이브리드,13.8,0.79,2.4116,103
2024-07-07,전기,4.5,0.71,0,34
2024-07-07,수소,99.2,0.57,0,1
2024-07-07,기타,9,0.57,2.244,9
2024-07-08,휘발유,9.4,0.7,2.4116,1838
2024-07-08,경유,11.2,0.5,2.6528,1347
2024-07-08,LPG,7.5,0.44,1.6469,274
2024-07-08,하이브리드,13.8,0.54,2.4116,300
2024-07-08,전기,4.5,0.51,0,101
2024-07-08,수소,99.2,0.52,0,5
2024-07-08,기타,9,0.49,2.244,26
2024-07-09,휘발유,9.4,0.55,2.4116,1497
2024-07-09,경유,11.2,0.67,2.6528,1097
2024-07-09,LPG,7.5,0.49,1.6469,223
2024-07-09,하이브리드,13.8,0.78,2.4116,244
2024-07-09,전기,4.5,0.71,0,82
2024-07-09,수소,99.2,0.44,0,4
2024-07-09,기타,9,0.57,2.244,21
2024-07-10,휘발유,9.4,0.75,2.4116,1561
2024-07-10,경유,11.2,0.78,2.6528,1144
2024-07-10,LPG,7.5,0.59,1.6469,232
2024-07-10,하이브리드,13.8,0.65,2.4116,254
2024-07-10,전기,4.5,0.47,0,85
2024-07-10,수소,99.2,0.8,0,4
2024-07-10,기타,9,0.49,2.244,22
2024-07-11,휘발유,9.4,0.64,2.4116,1545
2024-07-11,경유,11.2,0.61,2.6528,1132
2024-07-11,LPG,7.5,0.49,1.6469,230
2024-07-11,하이브리드,13.8,0.47,2.4116,252
2024-07-11,전기,4.5,0.49,0,85
2024-07-11,수소,99.2,0.47,0,4
2024-07-11,기타,9,0.71,2.244,22
2024-07-12,휘발유,9.4,0.54,2.4116,1622
2024-07-12,경유,11.2,0.42,2.6528,1189
2024-07-12,LPG,7.5,0.79,1.6469,241
2024-07-12,하이브리드,13.8,0.75,2.4116,264
2024-07-12,전기,4.5,0.77,0,89
2024-07-12,수소,99.2,0.8,0,4
2024-07-12,기타,9,0.47,2.244,23
2024-07-13,휘발유,9.4,0.68,2.4116,1088
2024-07-13,경유,11.2,0.46,2.6528,797
2024-07-13,LPG,7.5,0.73,1.6469,162
2024-07-13,하이브리드,13.8,0.49,2.4116,177
2024-07-13,전기,4.5,0.49,0,59
2024-07-13,수소,99.2,0.61,0,3
2024-07-13,기타,9,0.64,2.244,15
2024-07-14,휘발유,9.4,0.63,2.4116,618
2024-07-14,경유,11.2,0.44,2.6528,453
2024-07-14,LPG,7.5,0.75,1.6469,92
2024-07-14,하이브리드,13.8,0.51,2.4116,100
2024-07-14,전기,4.5,0.45,0,34
2024-07-14,수소,99.2,0.76,0,1
2024-07-14,기타,9,0.78,2.244,9
2024-07-15,휘발유,9.4,0.66,2.4116,1573
2024-07-15,경유,11.2,0.62,2.6528,1153
2024-07-15,LPG,7.5,0.43,1.6469,234
2024-07-15,하이브리드,13.8,0.56,2.4116,256
2024-07-15,전기,4.5,0.55,0,86
2024-07-15,수소,99.2,0.5,0,4
2024-07-15,기타,9,0.69,2.244,22
2024-07-16,휘발유,9.4,0.6,2.4116,1585
2024-07-16,경유,11.2,0.43,2.6528,1161
2024-07-16,LPG,7.5,0.49,1.6469,236
2024-07-16,하이브리드,13.8,0.67,2.4116,258
2024-07-16,전기,4.5,0.43,0,87
2024-07-16,수소,99.2,0.74,0,4
2024-07-16,기타,9,0.6,2.244,23
2024-07-17,휘발유,9.4,0.73,2.4116,2102
2024-07-17,경유,11.2,0.54,2.6528,1541
2024-07-17,LPG,7.5,0.67,1.6469,313
2024-07-17,하이브리드,13.8,0.63,2.4116,343
2024-07-17,전기,4.5,0.51,0,115
2024-07-17,수소,99.2,0.75,0,6
2024-07-17,기타,9,0.72,2.244,30
2024-07-18,휘발유,9.4,0.66,2.4116,1380
2024-07-18,경유,11.2,0.74,2.6528,1011
2024-07-18,LPG,7.5,0.75,1.6469,205
2024-07-18,하이브리드,13.8,0.68,2.4116,225
2024-07-18,전기,4.5,0.73,0,76
2024-07-18,수소,99.2,0.68,0,4
2024-07-18,기타,9,0.67,2.244,20
2024-07-19,휘발유,9.4,0.46,2.4116,1832
2024-07-19,경유,11.2,0.75,2.6528,1343
2024-07-19,LPG,7.5,0.75,1.6469,273
2024-07-19,하이브리드,13.8,0.41,2.4116,299
2024-07-19,전기,4.5,0.73,0,100
2024-07-19,수소,99.2,0.45,0,5
2024-07-19,기타,9,0.53,2.244,26
2024-07-20,휘발유,9.4,0.7,2.4116,906
2024-07-20,경유,11.2,0.46,2.6528,664
2024-07-20,LPG,7.5,0.73,1.6469,135
2024-07-20,하이브리드,13.8,0.73,2.4116,147
2024-07-20,전기,4.5,0.6,0,49
2024-07-20,수소,99.2,0.4,0,2
2024-07-20,기타,9,0.51,2.244,13
2024-07-21,휘발유,9.4,0.65,2.4116,798
2024-07-21,경유,11.2,0.5,2.6528,584
2024-07-21,LPG,7.5,0.65,1.6469,118
2024-07-21,하이브리드,13.8,0.62,2.4116,130
2024-07-21,전기,4.5,0.71,0,43
2024-07-21,수소,99.2,0.44,0,2
2024-07-21,기타,9,0.7,2.244,11
2024-07-22,휘발유,9.4,0.62,2.4116,1517
2024-07-22,경유,11.2,0.79,2.6528,1112
2024-07-22,LPG,7.5,0.54,1.6469,226
2024-07-22,하이브리드,13.8,0.65,2.4116,247
2024-07-22,전기,4.5,0.77,0,83
2024-07-22,수소,99.2,0.44,0,4
2024-07-22,기타,9,0.77,2.244,22
2024-07-23,휘발유,9.4,0.52,2.4116,1400
2024-07-23,경유,11.2,0.68,2.6528,1026
2024-07-23,LPG,7.5,0.43,1.6469,208
2024-07-23,하이브리드,13.8,0.63,2.4116,228
2024-07-23,전기,4.5,0.54,0,77
2024-07-23,수소,99.2,0.65,0,4
2024-07-23,기타,9,0.42,2.244,20
2024-07-24,휘발유,9.4,0.75,2.4116,1552
2024-07-24,경유,11.2,0.79,2.6528,1137
2024-07-24,LPG,7.5,0.79,1.6469,231
2024-07-24,하이브리드,13.8,0.7,2.4116,253
2024-07-24,전기,4.5,0.45,0,85
2024-07-24,수소,99.2,0.7,0,4
2024-07-24,기타,9,0.41,2.244,22
2024-07-25,휘발유,9.4,0.67,2.4116,1875
2024-07-25,경유,11.2,0.58,2.6528,1374
2024-07-25,LPG,7.5,0.51,1.6469,279
2024-07-25,하이브리드,13.8,0.8,2.4116,306
2024-07-25,전기,4.5,0.57,0,103
2024-07-25,수소,99.2,0.58,0,5
2024-07-25,기타,9,0.47,2.244,27
2024-07-26,휘발유,9.4,0.72,2.4116,1490
2024-07-26,경유,11.2,0.68,2.6528,1092
2024-07-26,LPG,7.5,0.49,1.6469,222
2024-07-26,하이브리드,13.8,0.43,2.4116,243
2024-07-26,전기,4.5,0.67,0,82
2024-07-26,수소,99.2,0.66,0,4
2024-07-26,기타,9,0.51,2.244,21
2024-07-27,휘발유,9.4,0.57,2.4116,906
2024-07-27,경유,11.2,0.66,2.6528,664
2024-07-27,LPG,7.5,0.56,1.6469,135
2024-07-27,하이브리드,13.8,0.51,2.4116,148
2024-07-27,전기,4.5,0.79,0,49
2024-07-27,수소,99.2,0.56,0,2
2024-07-27,기타,9,0.76,2.244,13
2024-07-28,휘발유,9.4,0.49,2.4116,729
2024-07-28,경유,11.2,0.49,2.6528,534
2024-07-28,LPG,7.5,0.41,1.6469,108
2024-07-28,하이브리드,13.8,0.66,2.4116,119
2024-07-28,전기,4.5,0.55,0,40
2024-07-28,수소,99.2,0.75,0,2
2024-07-28,기타,9,0.59,2.244,10
2024-07-29,휘발유,9.4,0.71,2.4116,1587
2024-07-29,경유,11.2,0.74,2.6528,1163
2024-07-29,LPG,7.5,0.7,1.6469,236
2024-07-29,하이브리드,13.8,0.65,2.4116,259
2024-07-29,전기,4.5,0.45,0,87
2024-07-29,수소,99.2,0.41,0,4
2024-07-29,기타,9,0.77,2.244,23
2024-07-30,휘발유,9.4,0.65,2.4116,1613
2024-07-30,경유,11.2,0.72,2.6528,1182
2024-07-30,LPG,7.5,0.59,1.6469,240
2024-07-30,하이브리드,13.8,0.45,2.4116,263
2024-07-30,전기,4.5,0.45,0,88
2024-07-30,수소,99.2,0.67,0,4
2024-07-30,기타,9,0.57,2.244,23
2024-07-31,휘발유,9.4,0.43,2.4116,1496
2024-07-31,경유,11.2,0.63,2.6528,1097
2024-07-31,LPG,7.5,0.51,1.6469,223
2024-07-31,하이브리드,13.8,0.72,2.4116,244
2024-07-31,전기,4.5,0.52,0,82
2024-07-31,수소,99.2,0.58,0,4
2024-07-31,기타,9,0.4,2.244,21
2024-08-01,휘발유,9.4,0.43,2.4116,1168
2024-08-01,경유,11.2,0.56,2.6528,856
2024-08-01,LPG,7.5,0.59,1.6469,174
2024-08-01,하이브리드,13.8,0.64,2.4116,190
2024-08-01,전기,4.5,0.52,0,64
2024-08-01,수소,99.2,0.68,0,3
2024-08-01,기타,9,0.74,2.244,17
2024-08-02,휘발유,9.4,0.5,2.4116,1277
2024-08-02,경유,11.2,0.79,2.6528,936
2024-08-02,LPG,7.5,0.46,1.6469,190
2024-08-02,하이브리드,13.8,0.6,2.4116,208
2024-08-02,전기,4.5,0.65,0,70
2024-08-02,수소,99.2,0.68,0,3
2024-08-02,기타,9,0.62,2.244,18
2024-08-03,휘발유,9.4,0.4,2.4116,741
2024-08-03,경유,11.2,0.53,2.6528,543
2024-08-03,LPG,7.5,0.61,1.6469,110
2024-08-03,하이브리드,13.8,0.44,2.4116,121
2024-08-03,전기,4.5,0.54,0,40
2024-08-03,수소,99.2,0.41,0,2
2024-08-03,기타,9,0.43,2.244,10
2024-08-04,휘발유,9.4,0.63,2.4116,516
2024-08-04,경유,11.2,0.68,2.6528,378
2024-08-04,LPG,7.5,0.72,1.6469,77
2024-08-04,하이브리드,13.8,0.48,2.4116,84
2024-08-04,전기,4.5,0.47,0,28
2024-08-04,수소,99.2,0.44,0,1
2024-08-04,기타,9,0.65,2.244,7
2024-08-05,휘발유,9.4,0.68,2.4116,1439
2024-08-05,경유,11.2,0.41,2.6528,1055
2024-08-05,LPG,7.5,0.77,1.6469,214
2024-08-05,하이브리드,13.8,0.42,2.4116,235
2024-08-05,전기,4.5,0.62,0,79
2024-08-05,수소,99.2,0.68,0,4
2024-08-05,기타,9,0.75,2.244,21
2024-08-06,휘발유,9.4,0.54,2.4116,1717
2024-08-06,경유,11.2,0.73,2.6528,1258
2024-08-06,LPG,7.5,0.43,1.6469,256
2024-08-06,하이브리드,13.8,0.76,2.4116,280
2024-08-06,전기,4.5,0.62,0,94
2024-08-06,수소,99.2,0.73,0,5
2024-08-06,기타,9,0.58,2.244,25
2024-08-07,휘발유,9.4,0.66,2.4116,1656
2024-08-07,경유,11.2,0.61,2.6528,1213
2024-08-07,LPG,7.5,0.69,1.6469,246
2024-08-07,하이브리드,13.8,0.43,2.4116,270
2024-08-07,전기,4.5,0.42,0,91
2024-08-07,수소,99.2,0.5,0,4
2024-08-07,기타,9,0.46,2.244,24
2024-08-08,휘발유,9.4,0.79,2.4116,1430
2024-08-08,경유,11.2,0.53,2.6528,1048
2024-08-08,LPG,7.5,0.47,1.6469,213
2024-08-08,하이브리드,13.8,0.72,2.4116,233
2024-08-08,전기,4.5,0.66,0,78
2024-08-08,수소,99.2,0.6,0,4
2024-08-08,기타,9,0.62,2.244,20
2024-08-09,휘발유,9.4,0.69,2.4116,1606
2024-08-09,경유,11.2,0.49,2.6528,1177
2024-08-09,LPG,7.5,0.8,1.6469,239
2024-08-09,하이브리드,13.8,0.79,2.4116,262
2024-08-09,전기,4.5,0.66,0,88
2024-08-09,수소,99.2,0.48,0,4
2024-08-09,기타,9,0.67,2.244,23
2024-08-10,휘발유,9.4,0.75,2.4116,692
2024-08-10,경유,11.2,0.69,2.6528,507
2024-08-10,LPG,7.5,0.7,1.6469,103
2024-08-10,하이브리드,13.8,0.57,2.4116,113
2024-08-10,전기,4.5,0.54,0,38
2024-08-10,수소,99.2,0.55,0,2
2024-08-10,기타,9,0.8,2.244,10
2024-08-11,휘발유,9.4,0.42,2.4116,358
2024-08-11,경유,11.2,0.75,2.6528,263
2024-08-11,LPG,7.5,0.63,1.6469,53
2024-08-11,하이브리드,13.8,0.58,2.4116,58
2024-08-11,전기,4.5,0.69,0,19
2024-08-11,수소,99.2,0.59,0,1
2024-08-11,기타,9,0.75,2.244,5
2024-08-12,휘발유,9.4,0.51,2.4116,1465
2024-08-12,경유,11.2,0.64,2.6528,1073
2024-08-12,LPG,7.5,0.76,1.6469,218
2024-08-12,하이브리드,13.8,0.48,2.4116,239
2024-08-12,전기,4.5,0.65,0,80
2024-08-12,수소,99.2,0.65,0,4
2024-08-12,기타,9,0.69,2.244,21
2024-08-13,휘발유,9.4,0.45,2.4116,1714
2024-08-13,경유,11.2,0.69,2.6528,1256
2024-08-13,LPG,7.5,0.76,1.6469,255
2024-08-13,하이브리드,13.8,0.47,2.4116,279
2024-08-13,전기,4.5,0.5,0,94
2024-08-13,수소,99.2,0.79,0,5
2024-08-13,기타,9,0.47,2.244,25
2024-08-14,휘발유,9.4,0.5,2.4116,1500
2024-08-14,경유,11.2,0.75,2.6528,1099
2024-08-14,LPG,7.5,0.58,1.6469,223
2024-08-14,하이브리드,13.8,0.61,2.4116,244
2024-08-14,전기,4.5,0.54,0,82
2024-08-14,수소,99.2,0.64,0,4
2024-08-14,기타,9,0.47,2.244,21
2024-08-15,휘발유,9.4,0.56,2.4116,1783
2024-08-15,경유,11.2,0.79,2.6528,1306
2024-08-15,LPG,7.5,0.5,1.6469,265
2024-08-15,하이브리드,13.8,0.66,2.4116,291
2024-08-15,전기,4.5,0.53,0,98
2024-08-15,수소,99.2,0.71,0,5
2024-08-15,기타,9,0.45,2.244,26
2024-08-16,휘발유,9.4,0.49,2.4116,1494
2024-08-16,경유,11.2,0.43,2.6528,1095
2024-08-16,LPG,7.5,0.47,1.6469,222
2024-08-16,하이브리드,13.8,0.61,2.4116,244
2024-08-16,전기,4.5,0.53,0,82
2024-08-16,수소,99.2,0.73,0,4
2024-08-16,기타,9,0.57,2.244,21
2024-08-17,휘발유,9.4,0.5,2.4116,865
2024-08-17,경유,11.2,0.65,2.6528,634
2024-08-17,LPG,7.5,0.68,1.6469,129
2024-08-17,하이브리드,13.8,0.47,2.4116,141
2024-08-17,전기,4.5,0.47,0,47
2024-08-17,수소,99.2,0.41,0,2
2024-08-17,기타,9,0.69,2.244,12
2024-08-18,휘발유,9.4,0.74,2.4116,677
2024-08-18,경유,11.2,0.72,2.6528,496
2024-08-18,LPG,7.5,0.63,1.6469,100
2024-08-18,하이브리드,13.8,0.75,2.4116,110
2024-08-18,전기,4.5,0.48,0,37
2024-08-18,수소,99.2,0.44,0,2
2024-08-18,기타,9,0.51,2.244,9
2024-08-19,휘발유,9.4,0.42,2.4116,1996
2024-08-19,경유,11.2,0.61,2.6528,1463
2024-08-19,LPG,7.5,0.77,1.6469,297
2024-08-19,하이브리드,13.8,0.42,2.4116,325
2024-08-19,전기,4.5,0.45,0,109
2024-08-19,수소,99.2,0.58,0,5
2024-08-19,기타,9,0.77,2.244,29
2024-08-20,휘발유,9.4,0.42,2.4116,1524
2024-08-20,경유,11.2,0.46,2.6528,1117
2024-08-20,LPG,7.5,0.79,1.6469,227
2024-08-20,하이브리드,13.8,0.79,2.4116,248
2024-08-20,전기,4.5,0.4,0,83
2024-08-20,수소,99.2,0.78,0,4
2024-08-20,기타,9,0.66,2.244,22
2024-08-21,휘발유,9.4,0.75,2.4116,1034
2024-08-21,경유,11.2,0.58,2.6528,758
2024-08-21,LPG,7.5,0.61,1.6469,154
2024-08-21,하이브리드,13.8,0.6,2.4116,168
2024-08-21,전기,4.5,0.67,0,56
2024-08-21,수소,99.2,0.46,0,3
2024-08-21,기타,9,0.41,2.244,15
2024-08-22,휘발유,9.4,0.48,2.4116,1767
2024-08-22,경유,11.2,0.67,2.6528,1295
2024-08-22,LPG,7.5,0.79,1.6469,263
2024-08-22,하이브리드,13.8,0.44,2.4116,288
2024-08-22,전기,4.5,0.67,0,97
2024-08-22,수소,99.2,0.58,0,5
2024-08-22,기타,9,0.75,2.244,25
2024-08-23,휘발유,9.4,0.47,2.4116,1260
2024-08-23,경유,11.2,0.68,2.6528,924
2024-08-23,LPG,7.5,0.74,1.6469,187
2024-08-23,하이브리드,13.8,0.78,2.4116,205
2024-08-23,전기,4.5,0.67,0,69
2024-08-23,수소,99.2,0.6,0,3
2024-08-23,기타,9,0.65,2.244,18
2024-08-24,휘발유,9.4,0.41,2.4116,800
2024-08-24,경유,11.2,0.77,2.6528,586
2024-08-24,LPG,7.5,0.68,1.6469,119
2024-08-24,하이브리드,13.8,0.67,2.4116,130
2024-08-24,전기,4.5,0.49,0,44
2024-08-24,수소,99.2,0.66,0,2
2024-08-24,기타,9,0.56,2.244,11
2024-08-25,휘발유,9.4,0.66,2.4116,1001
2024-08-25,경유,11.2,0.44,2.6528,733
2024-08-25,LPG,7.5,0.66,1.6469,149
2024-08-25,하이브리드,13.8,0.8,2.4116,163
2024-08-25,전기,4.5,0.42,0,55
2024-08-25,수소,99.2,0.79,0,2
2024-08-25,기타,9,0.56,2.244,14
2024-08-26,휘발유,9.4,0.63,2.4116,1581
2024-08-26,경유,11.2,0.7,2.6528,1159
2024-08-26,LPG,7.5,0.75,1.6469,235
2024-08-26,하이브리드,13.8,0.56,2.4116,258
2024-08-26,전기,4.5,0.53,0,87
2024-08-26,수소,99.2,0.67,0,4
2024-08-26,기타,9,0.72,2.244,23
2024-08-27,휘발유,9.4,0.7,2.4116,1605
2024-08-27,경유,11.2,0.72,2.6528,1177
2024-08-27,LPG,7.5,0.57,1.6469,239
2024-08-27,하이브리드,13.8,0.73,2.4116,262
2024-08-27,전기,4.5,0.45,0,88
2024-08-27,수소,99.2,0.62,0,4
2024-08-27,기타,9,0.4,2.244,23
2024-08-28,휘발유,9.4,0.56,2.4116,1247
2024-08-28,경유,11.2,0.68,2.6528,914
2024-08-28,LPG,7.5,0.56,1.6469,185
2024-08-28,하이브리드,13.8,0.58,2.4116,203
2024-08-28,전기,4.5,0.5,0,68
2024-08-28,수소,99.2,0.55,0,3
2024-08-28,기타,9,0.49,2.244,18
2024-08-29,휘발유,9.4,0.43,2.4116,1166
2024-08-29,경유,11.2,0.64,2.6528,854
2024-08-29,LPG,7.5,0.67,1.6469,173
2024-08-29,하이브리드,13.8,0.65,2.4116,190
2024-08-29,전기,4.5,0.59,0,64
2024-08-29,수소,99.2,0.55,0,3
2024-08-29,기타,9,0.75,2.244,17
2024-08-30,휘발유,9.4,0.41,2.4116,916
2024-08-30,경유,11.2,0.54,2.6528,671
2024-08-30,LPG,7.5,0.55,1.6469,136
2024-08-30,하이브리드,13.8,0.56,2.4116,149
2024-08-30,전기,4.5,0.63,0,50
2024-08-30,수소,99.2,0.61,0,2
2024-08-30,기타,9,0.64,2.244,13
2024-08-31,휘발유,9.4,0.71,2.4116,1293
2024-08-31,경유,11.2,0.73,2.6528,948
2024-08-31,LPG,7.5,0.69,1.6469,192
2024-08-31,하이브리드,13.8,0.78,2.4116,211
2024-08-31,전기,4.5,0.41,0,71
2024-08-31,수소,99.2,0.48,0,3
2024-08-31,기타,9,0.4,2.244,18
2024-09-01,휘발유,9.4,0.5,2.4116,932
2024-09-01,경유,11.2,0.77,2.6528,683
2024-09-01,LPG,7.5,0.42,1.6469,138
2024-09-01,하이브리드,13.8,0.77,2.4116,152
2024-09-01,전기,4.5,0.54,0,51
2024-09-01,수소,99.2,0.44,0,2
2024-09-01,기타,9,0.59,2.244,13
2024-09-02,휘발유,9.4,0.5,2.4116,1572
2024-09-02,경유,11.2,0.51,2.6528,1152
2024-09-02,LPG,7.5,0.52,1.6469,234
2024-09-02,하이브리드,13.8,0.72,2.4116,256
2024-09-02,전기,4.5,0.62,0,86
2024-09-02,수소,99.2,0.52,0,4
2024-09-02,기타,9,0.64,2.244,22
2024-09-03,휘발유,9.4,0.57,2.4116,1272
2024-09-03,경유,11.2,0.45,2.6528,932
2024-09-03,LPG,7.5,0.47,1.6469,189
2024-09-03,하이브리드,13.8,0.67,2.4116,207
2024-09-03,전기,4.5,0.47,0,70
2024-09-03,수소,99.2,0.61,0,3
2024-09-03,기타,9,0.68,2.244,18
2024-09-04,휘발유,9.4,0.44,2.4116,1728
2024-09-04,경유,11.2,0.63,2.6528,1266
2024-09-04,LPG,7.5,0.5,1.6469,257
2024-09-04,하이브리드,13.8,0.79,2.4116,282
2024-09-04,전기,4.5,0.59,0,95
2024-09-04,수소,99.2,0.72,0,5
2024-09-04,기타,9,0.62,2.244,25
2024-09-05,휘발유,9.4,0.78,2.4116,1535
2024-09-05,경유,11.2,0.64,2.6528,1125
2024-09-05,LPG,7.5,0.73,1.6469,228
2024-09-05,하이브리드,13.8,0.75,2.4116,250
2024-09-05,전기,4.5,0.49,0,84
2024-09-05,수소,99.2,0.48,0,4
2024-09-05,기타,9,0.64,2.244,22
2024-09-06,휘발유,9.4,0.56,2.4116,1404
2024-09-06,경유,11.2,0.74,2.6528,1029
2024-09-06,LPG,7.5,0.76,1.6469,209
2024-09-06,하이브리드,13.8,0.54,2.4116,229
2024-09-06,전기,4.5,0.49,0,77
2024-09-06,수소,99.2,0.71,0,4
2024-09-06,기타,9,0.51,2.244,20
2024-09-07,휘발유,9.4,0.67,2.4116,683
2024-09-07,경유,11.2,0.44,2.6528,500
2024-09-07,LPG,7.5,0.65,1.6469,101
2024-09-07,하이브리드,13.8,0.58,2.4116,111
2024-09-07,전기,4.5,0.63,0,37
2024-09-07,수소,99.2,0.47,0,2
2024-09-07,기타,9,0.69,2.244,9
2024-09-08,휘발유,9.4,0.75,2.4116,1047
2024-09-08,경유,11.2,0.49,2.6528,767
2024-09-08,LPG,7.5,0.44,1.6469,156
2024-09-08,하이브리드,13.8,0.41,2.4116,171
2024-09-08,전기,4.5,0.66,0,57
2024-09-08,수소,99.2,0.64,0,3
2024-09-08,기타,9,0.62,2.244,15
2024-09-09,휘발유,9.4,0.64,2.4116,1374
2024-09-09,경유,11.2,0.6,2.6528,1007
2024-09-09,LPG,7.5,0.8,1.6469,204
2024-09-09,하이브리드,13.8,0.45,2.4116,224
2024-09-09,전기,4.5,0.68,0,75
2024-09-09,수소,99.2,0.56,0,4
2024-09-09,기타,9,0.57,2.244,20
2024-09-10,휘발유,9.4,0.69,2.4116,1182
2024-09-10,경유,11.2,0.68,2.6528,866
2024-09-10,LPG,7.5,0.8,1.6469,176
2024-09-10,하이브리드,13.8,0.45,2.4116,193
2024-09-10,전기,4.5,0.44,0,65
2024-09-10,수소,99.2,0.69,0,3
2024-09-10,기타,9,0.63,2.244,17
2024-09-11,휘발유,9.4,0.43,2.4116,1416
2024-09-11,경유,11.2,0.76,2.6528,1038
2024-09-11,LPG,7.5,0.48,1.6469,211
2024-09-11,하이브리드,13.8,0.53,2.4116,231
2024-09-11,전기,4.5,0.49,0,78
2024-09-11,수소,99.2,0.54,0,4
2024-09-11,기타,9,0.43,2.244,20
2024-09-12,휘발유,9.4,0.61,2.4116,1458
2024-09-12,경유,11.2,0.43,2.6528,1068
2024-09-12,LPG,7.5,0.72,1.6469,217
2024-09-12,하이브리드,13.8,0.49,2.4116,238
2024-09-12,전기,4.5,0.62,0,80
2024-09-12,수소,99.2,0.75,0,4
2024-09-12,기타,9,0.66,2.244,21
2024-09-13,휘발유,9.4,0.53,2.4116,1035
2024-09-13,경유,11.2,0.67,2.6528,758
2024-09-13,LPG,7.5,0.8,1.6469,154
2024-09-13,하이브리드,13.8,0.66,2.4116,169
2024-09-13,전기,4.5,0.62,0,57
2024-09-13,수소,99.2,0.69,0,3
2024-09-13,기타,9,0.59,2.244,15
2024-09-14,휘발유,9.4,0.42,2.4116,841
2024-09-14,경유,11.2,0.62,2.6528,616
2024-09-14,LPG,7.5,0.78,1.6469,125
2024-09-14,하이브리드,13.8,0.47,2.4116,137
2024-09-14,전기,4.5,0.68,0,46
2024-09-14,수소,99.2,0.48,0,2
2024-09-14,기타,9,0.61,2.244,12
2024-09-15,휘발유,9.4,0.7,2.4116,726
2024-09-15,경유,11.2,0.54,2.6528,532
2024-09-15,LPG,7.5,0.67,1.6469,108
2024-09-15,하이브리드,13.8,0.72,2.4116,118
2024-09-15,전기,4.5,0.77,0,40
2024-09-15,수소,99.2,0.49,0,2
2024-09-15,기타,9,0.56,2.244,10
2024-09-16,휘발유,9.4,0.46,2.4116,1292
2024-09-16,경유,11.2,0.8,2.6528,947
2024-09-16,LPG,7.5,0.77,1.6469,192
2024-09-16,하이브리드,13.8,0.62,2.4116,211
2024-09-16,전기,4.5,0.74,0,71
2024-09-16,수소,99.2,0.61,0,3
2024-09-16,기타,9,0.65,2.244,18
2024-09-17,휘발유,9.4,0.45,2.4116,1551
2024-09-17,경유,11.2,0.73,2.6528,1137
2024-09-17,LPG,7.5,0.71,1.6469,231
2024-09-17,하이브리드,13.8,0.68,2.4116,253
2024-09-17,전기,4.5,0.41,0,85
2024-09-17,수소,99.2,0.52,0,4
2024-09-17,기타,9,0.51,2.244,22
2024-09-18,휘발유,9.4,0.54,2.4116,1433
2024-09-18,경유,11.2,0.44,2.6528,1050
2024-09-18,LPG,7.5,0.77,1.6469,213
2024-09-18,하이브리드,13.8,0.62,2.4116,233
2024-09-18,전기,4.5,0.52,0,78
2024-09-18,수소,99.2,0.56,0,4
2024-09-18,기타,9,0.58,2.244,20
2024-09-19,휘발유,9.4,0.77,2.4116,1597
2024-09-19,경유,11.2,0.6,2.6528,1171
2024-09-19,LPG,7.5,0.8,1.6469,238
2024-09-19,하이브리드,13.8,0.74,2.4116,260
2024-09-19,전기,4.5,0.48,0,87
2024-09-19,수소,99.2,0.77,0,4
2024-09-19,기타,9,0.45,2.244,23
2024-09-20,휘발유,9.4,0.73,2.4116,2094
2024-09-20,경유,11.2,0.55,2.6528,1535
2024-09-20,LPG,7.5,0.75,1.6469,312
2024-09-20,하이브리드,13.8,0.75,2.4116,342
2024-09-20,전기,4.5,0.72,0,115
2024-09-20,수소,99.2,0.72,0,6
2024-09-20,기타,9,0.52,2.244,30
2024-09-21,휘발유,9.4,0.47,2.4116,711
2024-09-21,경유,11.2,0.68,2.6528,521
2024-09-21,LPG,7.5,0.54,1.6469,106
2024-09-21,하이브리드,13.8,0.79,2.4116,116
2024-09-21,전기,4.5,0.66,0,39
2024-09-21,수소,99.2,0.73,0,2
2024-09-21,기타,9,0.45,2.244,10
2024-09-22,휘발유,9.4,0.74,2.4116,574
2024-09-22,경유,11.2,0.77,2.6528,421
2024-09-22,LPG,7.5,0.59,1.6469,85
2024-09-22,하이브리드,13.8,0.64,2.4116,93
2024-09-22,전기,4.5,0.71,0,31
2024-09-22,수소,99.2,0.47,0,1
2024-09-22,기타,9,0.6,2.244,8
2024-09-23,휘발유,9.4,0.55,2.4116,1254
2024-09-23,경유,11.2,0.43,2.6528,919
2024-09-23,LPG,7.5,0.41,1.6469,187
2024-09-23,하이브리드,13.8,0.45,2.4116,204
2024-09-23,전기,4.5,0.79,0,69
2024-09-23,수소,99.2,0.62,0,3
2024-09-23,기타,9,0.79,2.244,18
2024-09-24,휘발유,9.4,0.57,2.4116,1434
2024-09-24,경유,11.2,0.52,2.6528,1051
2024-09-24,LPG,7.5,0.6,1.6469,213
2024-09-24,하이브리드,13.8,0.58,2.4116,234
2024-09-24,전기,4.5,0.44,0,78
2024-09-24,수소,99.2,0.66,0,4
2024-09-24,기타,9,0.49,2.244,20
2024-09-25,휘발유,9.4,0.46,2.4116,1867
2024-09-25,경유,11.2,0.42,2.6528,1368
2024-09-25,LPG,7.5,0.71,1.6469,278
2024-09-25,하이브리드,13.8,0.58,2.4116,304
2024-09-25,전기,4.5,0.42,0,102
2024-09-25,수소,99.2,0.8,0,5
2024-09-25,기타,9,0.42,2.244,27
2024-09-26,휘발유,9.4,0.68,2.4116,1793
2024-09-26,경유,11.2,0.79,2.6528,1314
2024-09-26,LPG,7.5,0.5,1.6469,267
2024-09-26,하이브리드,13.8,0.46,2.4116,292
2024-09-26,전기,4.5,0.45,0,98
2024-09-26,수소,99.2,0.52,0,5
2024-09-26,기타,9,0.44,2.244,26
2024-09-27,휘발유,9.4,0.6,2.4116,1414
2024-09-27,경유,11.2,0.8,2.6528,1036
2024-09-27,LPG,7.5,0.73,1.6469,210
2024-09-27,하이브리드,13.8,0.65,2.4116,230
2024-09-27,전기,4.5,0.52,0,77
2024-09-27,수소,99.2,0.65,0,4
2024-09-27,기타,9,0.61,2.244,20
2024-09-28,휘발유,9.4,0.57,2.4116,793
2024-09-28,경유,11.2,0.45,2.6528,581
2024-09-28,LPG,7.5,0.75,1.6469,118
2024-09-28,하이브리드,13.8,0.58,2.4116,129
2024-09-28,전기,4.5,0.48,0,43
2024-09-28,수소,99.2,0.55,0,2
2024-09-28,기타,9,0.57,2.244,11
2024-09-29,휘발유,9.4,0.71,2.4116,880
2024-09-29,경유,11.2,0.4,2.6528,645
2024-09-29,LPG,7.5,0.57,1.6469,131
2024-09-29,하이브리드,13.8,0.59,2.4116,143
2024-09-29,전기,4.5,0.41,0,48
2024-09-29,수소,99.2,0.5,0,2
2024-09-29,기타,9,0.7,2.244,12
2024-09-30,휘발유,9.4,0.45,2.4116,1685
2024-09-30,경유,11.2,0.61,2.6528,1235
2024-09-30,LPG,7.5,0.49,1.6469,251
2024-09-30,하이브리드,13.8,0.4,2.4116,275
2024-09-30,전기,4.5,0.5,0,92
2024-09-30,수소,99.2,0.79,0,4
2024-09-30,기타,9,0.72,2.244,24
2024-10-01,휘발유,9.4,0.44,2.4116,1502
2024-10-01,경유,11.2,0.62,2.6528,1101
2024-10-01,LPG,7.5,0.58,1.6469,224
2024-10-01,하이브리드,13.8,0.74,2.4116,245
2024-10-01,전기,4.5,0.44,0,82
2024-10-01,수소,99.2,0.6,0,4
2024-10-01,기타,9,0.46,2.244,21
2024-10-02,휘발유,9.4,0.53,2.4116,1642
2024-10-02,경유,11.2,0.69,2.6528,1204
2024-10-02,LPG,7.5,0.59,1.6469,244
2024-10-02,하이브리드,13.8,0.55,2.4116,268
2024-10-02,전기,4.5,0.56,0,90
2024-10-02,수소,99.2,0.58,0,4
2024-10-02,기타,9,0.71,2.244,24
2024-10-03,휘발유,9.4,0.68,2.4116,1348
2024-10-03,경유,11.2,0.58,2.6528,988
2024-10-03,LPG,7.5,0.5,1.6469,200
2024-10-03,하이브리드,13.8,0.74,2.4116,220
2024-10-03,전기,4.5,0.42,0,74
2024-10-03,수소,99.2,0.76,0,3
2024-10-03,기타,9,0.58,2.244,19
2024-10-04,휘발유,9.4,0.65,2.4116,1751
2024-10-04,경유,11.2,0.66,2.6528,1284
2024-10-04,LPG,7.5,0.76,1.6469,261
2024-10-04,하이브리드,13.8,0.65,2.4116,286
2024-10-04,전기,4.5,0.65,0,96
2024-10-04,수소,99.2,0.43,0,5
2024-10-04,기타,9,0.61,2.244,25
2024-10-05,휘발유,9.4,0.6,2.4116,861
2024-10-05,경유,11.2,0.67,2.6528,631
2024-10-05,LPG,7.5,0.42,1.6469,128
2024-10-05,하이브리드,13.8,0.43,2.4116,140
2024-10-05,전기,4.5,0.69,0,47
2024-10-05,수소,99.2,0.43,0,2
2024-10-05,기타,9,0.43,2.244,12
2024-10-06,휘발유,9.4,0.4,2.4116,593
2024-10-06,경유,11.2,0.78,2.6528,434
2024-10-06,LPG,7.5,0.7,1.6469,88
2024-10-06,하이브리드,13.8,0.54,2.4116,96
2024-10-06,전기,4.5,0.52,0,32
2024-10-06,수소,99.2,0.54,0,1
2024-10-06,기타,9,0.71,2.244,8
2024-10-07,휘발유,9.4,0.47,2.4116,1258
2024-10-07,경유,11.2,0.44,2.6528,922
2024-10-07,LPG,7.5,0.66,1.6469,187
2024-10-07,하이브리드,13.8,0.71,2.4116,205
2024-10-07,전기,4.5,0.51,0,69
2024-10-07,수소,99.2,0.41,0,3
2024-10-07,기타,9,0.43,2.244,18
2024-10-08,휘발유,9.4,0.79,2.4116,1632
2024-10-08,경유,11.2,0.52,2.6528,1196
2024-10-08,LPG,7.5,0.71,1.6469,243
2024-10-08,하이브리드,13.8,0.65,2.4116,266
2024-10-08,전기,4.5,0.55,0,89
2024-10-08,수소,99.2,0.48,0,4
2024-10-08,기타,9,0.45,2.244,23
2024-10-09,휘발유,9.4,0.66,2.4116,1819
2024-10-09,경유,11.2,0.61,2.6528,1333
2024-10-09,LPG,7.5,0.42,1.6469,271
2024-10-09,하이브리드,13.8,0.79,2.4116,297
2024-10-09,전기,4.5,0.72,0,100
2024-10-09,수소,99.2,0.52,0,5
2024-10-09,기타,9,0.79,2.244,26
2024-10-10,휘발유,9.4,0.64,2.4116,1637
2024-10-10,경유,11.2,0.63,2.6528,1200
2024-10-10,LPG,7.5,0.7,1.6469,244
2024-10-10,하이브리드,13.8,0.72,2.4116,267
2024-10-10,전기,4.5,0.66,0,90
2024-10-10,수소,99.2,0.45,0,4
2024-10-10,기타,9,0.54,2.244,23
2024-10-11,휘발유,9.4,0.58,2.4116,1259
2024-10-11,경유,11.2,0.65,2.6528,923
2024-10-11,LPG,7.5,0.78,1.6469,187
2024-10-11,하이브리드,13.8,0.5,2.4116,205
2024-10-11,전기,4.5,0.45,0,69
2024-10-11,수소,99.2,0.48,0,3
2024-10-11,기타,9,0.75,2.244,18
2024-10-12,휘발유,9.4,0.66,2.4116,288
2024-10-12,경유,11.2,0.51,2.6528,211
2024-10-12,LPG,7.5,0.73,1.6469,43
2024-10-12,하이브리드,13.8,0.74,2.4116,47
2024-10-12,전기,4.5,0.74,0,15
2024-10-12,수소,99.2,0.77,0,0
2024-10-12,기타,9,0.5,2.244,4
2024-10-13,휘발유,9.4,0.74,2.4116,694
2024-10-13,경유,11.2,0.69,2.6528,508
2024-10-13,LPG,7.5,0.71,1.6469,103
2024-10-13,하이브리드,13.8,0.66,2.4116,113
2024-10-13,전기,4.5,0.47,0,38
2024-10-13,수소,99.2,0.62,0,2
2024-10-13,기타,9,0.79,2.244,10
2024-10-14,휘발유,9.4,0.77,2.4116,1885
2024-10-14,경유,11.2,0.42,2.6528,1381
2024-10-14,LPG,7.5,0.47,1.6469,281
2024-10-14,하이브리드,13.8,0.45,2.4116,307
2024-10-14,전기,4.5,0.69,0,103
2024-10-14,수소,99.2,0.73,0,5
2024-10-14,기타,9,0.49,2.244,27
2024-10-15,휘발유,9.4,0.69,2.4116,1798
2024-10-15,경유,11.2,0.62,2.6528,1318
2024-10-15,LPG,7.5,0.64,1.6469,268
2024-10-15,하이브리드,13.8,0.6,2.4116,293
2024-10-15,전기,4.5,0.52,0,99
2024-10-15,수소,99.2,0.63,0,5
2024-10-15,기타,9,0.68,2.244,26
2024-10-16,휘발유,9.4,0.75,2.4116,1511
2024-10-16,경유,11.2,0.65,2.6528,1107
2024-10-16,LPG,7.5,0.7,1.6469,225
2024-10-16,하이브리드,13.8,0.46,2.4116,246
2024-10-16,전기,4.5,0.58,0,83
2024-10-16,수소,99.2,0.4,0,4
2024-10-16,기타,9,0.5,2.244,22
2024-10-17,휘발유,9.4,0.72,2.4116,1456
2024-10-17,경유,11.2,0.48,2.6528,1067
2024-10-17,LPG,7.5,0.62,1.6469,217
2024-10-17,하이브리드,13.8,0.69,2.4116,237
2024-10-17,전기,4.5,0.65,0,80
2024-10-17,수소,99.2,0.48,0,4
2024-10-17,기타,9,0.54,2.244,21
2024-10-18,휘발유,9.4,0.71,2.4116,1305
2024-10-18,경유,11.2,0.62,2.6528,956
2024-10-18,LPG,7.5,0.4,1.6469,194
2024-10-18,하이브리드,13.8,0.7,2.4116,213
2024-10-18,전기,4.5,0.41,0,71
2024-10-18,수소,99.2,0.7,0,3
2024-10-18,기타,9,0.48,2.244,19
2024-10-19,휘발유,9.4,0.53,2.4116,724
2024-10-19,경유,11.2,0.46,2.6528,530
2024-10-19,LPG,7.5,0.52,1.6469,107
2024-10-19,하이브리드,13.8,0.75,2.4116,118
2024-10-19,전기,4.5,0.8,0,39
2024-10-19,수소,99.2,0.55,0,2
2024-10-19,기타,9,0.58,2.244,10
2024-10-20,휘발유,9.4,0.69,2.4116,851
2024-10-20,경유,11.2,0.75,2.6528,624
2024-10-20,LPG,7.5,0.64,1.6469,127
2024-10-20,하이브리드,13.8,0.56,2.4116,139
2024-10-20,전기,4.5,0.57,0,46
2024-10-20,수소,99.2,0.68,0,2
2024-10-20,기타,9,0.4,2.244,12
2024-10-21,휘발유,9.4,0.72,2.4116,1146
2024-10-21,경유,11.2,0.44,2.6528,839
2024-10-21,LPG,7.5,0.64,1.6469,170
2024-10-21,하이브리드,13.8,0.59,2.4116,187
2024-10-21,전기,4.5,0.66,0,63
2024-10-21,수소,99.2,0.43,0,3
2024-10-21,기타,9,0.63,2.244,16
2024-10-22,휘발유,9.4,0.62,2.4116,1804
2024-10-22,경유,11.2,0.62,2.6528,1322
2024-10-22,LPG,7.5,0.64,1.6469,268
2024-10-22,하이브리드,13.8,0.67,2.4116,294
2024-10-22,전기,4.5,0.72,0,99
2024-10-22,수소,99.2,0.51,0,5
2024-10-22,기타,9,0.73,2.244,26
2024-10-23,휘발유,9.4,0.42,2.4116,1313
2024-10-23,경유,11.2,0.53,2.6528,962
2024-10-23,LPG,7.5,0.71,1.6469,195
2024-10-23,하이브리드,13.8,0.68,2.4116,214
2024-10-23,전기,4.5,0.72,0,72
2024-10-23,수소,99.2,0.61,0,3
2024-10-23,기타,9,0.58,2.244,19
2024-10-24,휘발유,9.4,0.46,2.4116,1505
2024-10-24,경유,11.2,0.53,2.6528,1103
2024-10-24,LPG,7.5,0.57,1.6469,224
2024-10-24,하이브리드,13.8,0.44,2.4116,245
2024-10-24,전기,4.5,0.49,0,82
2024-10-24,수소,99.2,0.64,0,4
2024-10-24,기타,9,0.69,2.244,21
2024-10-25,휘발유,9.4,0.65,2.4116,1264
2024-10-25,경유,11.2,0.71,2.6528,926
2024-10-25,LPG,7.5,0.45,1.6469,188
2024-10-25,하이브리드,13.8,0.56,2.4116,206
2024-10-25,전기,4.5,0.74,0,69
2024-10-25,수소,99.2,0.55,0,3
2024-10-25,기타,9,0.63,2.244,18
2024-10-26,휘발유,9.4,0.64,2.4116,1190
2024-10-26,경유,11.2,0.47,2.6528,872
2024-10-26,LPG,7.5,0.54,1.6469,177
2024-10-26,하이브리드,13.8,0.53,2.4116,194
2024-10-26,전기,4.5,0.41,0,65
2024-10-26,수소,99.2,0.41,0,3
2024-10-26,기타,9,0.73,2.244,17
2024-10-27,휘발유,9.4,0.52,2.4116,786
2024-10-27,경유,11.2,0.78,2.6528,576
2024-10-27,LPG,7.5,0.5,1.6469,117
2024-10-27,하이브리드,13.8,0.57,2.4116,128
2024-10-27,전기,4.5,0.75,0,43
2024-10-27,수소,99.2,0.74,0,2
2024-10-27,기타,9,0.47,2.244,11
2024-10-28,휘발유,9.4,0.72,2.4116,1088
2024-10-28,경유,11.2,0.58,2.6528,797
2024-10-28,LPG,7.5,0.59,1.6469,162
2024-10-28,하이브리드,13.8,0.45,2.4116,177
2024-10-28,전기,4.5,0.43,0,59
2024-10-28,수소,99.2,0.69,0,3
2024-10-28,기타,9,0.6,2.244,15
2024-10-29,휘발유,9.4,0.71,2.4116,1898
2024-10-29,경유,11.2,0.46,2.6528,1391
2024-10-29,LPG,7.5,0.64,1.6469,283
2024-10-29,하이브리드,13.8,0.45,2.4116,309
2024-10-29,전기,4.5,0.7,0,104
2024-10-29,수소,99.2,0.66,0,5
2024-10-29,기타,9,0.78,2.244,27
2024-10-30,휘발유,9.4,0.43,2.4116,1398
2024-10-30,경유,11.2,0.42,2.6528,1024
2024-10-30,LPG,7.5,0.51,1.6469,208
2024-10-30,하이브리드,13.8,0.5,2.4116,228
2024-10-30,전기,4.5,0.5,0,76
2024-10-30,수소,99.2,0.76,0,4
2024-10-30,기타,9,0.5,2.244,20
2024-10-31,휘발유,9.4,0.58,2.4116,1721
2024-10-31,경유,11.2,0.71,2.6528,1261
2024-10-31,LPG,7.5,0.43,1.6469,256
2024-10-31,하이브리드,13.8,0.6,2.4116,281
2024-10-31,전기,4.5,0.41,0,94
2024-10-31,수소,99.2,0.43,0,5
2024-10-31,기타,9,0.76,2.244,25
2024-11-01,휘발유,9.4,0.46,2.4116,1316
2024-11-01,경유,11.2,0.61,2.6528,964
2024-11-01,LPG,7.5,0.56,1.6469,196
2024-11-01,하이브리드,13.8,0.54,2.4116,214
2024-11-01,전기,4.5,0.76,0,72
2024-11-01,수소,99.2,0.41,0,3
2024-11-01,기타,9,0.67,2.244,19
2024-11-02,휘발유,9.4,0.77,2.4116,768
2024-11-02,경유,11.2,0.42,2.6528,563
2024-11-02,LPG,7.5,0.57,1.6469,114
2024-11-02,하이브리드,13.8,0.5,2.4116,125
2024-11-02,전기,4.5,0.69,0,42
2024-11-02,수소,99.2,0.79,0,2
2024-11-02,기타,9,0.5,2.244,11
2024-11-03,휘발유,9.4,0.66,2.4116,874
2024-11-03,경유,11.2,0.48,2.6528,641
2024-11-03,LPG,7.5,0.63,1.6469,130
2024-11-03,하이브리드,13.8,0.59,2.4116,142
2024-11-03,전기,4.5,0.79,0,48
2024-11-03,수소,99.2,0.64,0,2
2024-11-03,기타,9,0.54,2.244,12
2024-11-04,휘발유,9.4,0.74,2.4116,1332
2024-11-04,경유,11.2,0.62,2.6528,976
2024-11-04,LPG,7.5,0.61,1.6469,198
2024-11-04,하이브리드,13.8,0.45,2.4116,217
2024-11-04,전기,4.5,0.74,0,73
2024-11-04,수소,99.2,0.69,0,3
2024-11-04,기타,9,0.43,2.244,19
2024-11-05,휘발유,9.4,0.68,2.4116,1315
2024-11-05,경유,11.2,0.62,2.6528,963
2024-11-05,LPG,7.5,0.43,1.6469,196
2024-11-05,하이브리드,13.8,0.58,2.4116,214
2024-11-05,전기,4.5,0.59,0,72
2024-11-05,수소,99.2,0.47,0,3
2024-11-05,기타,9,0.78,2.244,19
2024-11-06,휘발유,9.4,0.58,2.4116,1609
2024-11-06,경유,11.2,0.56,2.6528,1179
2024-11-06,LPG,7.5,0.66,1.6469,239
2024-11-06,하이브리드,13.8,0.62,2.4116,262
2024-11-06,전기,4.5,0.42,0,88
2024-11-06,수소,99.2,0.61,0,4
2024-11-06,기타,9,0.72,2.244,23
2024-11-07,휘발유,9.4,0.58,2.4116,1719
2024-11-07,경유,11.2,0.42,2.6528,1260
2024-11-07,LPG,7.5,0.71,1.6469,256
2024-11-07,하이브리드,13.8,0.48,2.4116,280
2024-11-07,전기,4.5,0.5,0,94
2024-11-07,수소,99.2,0.47,0,5
2024-11-07,기타,9,0.53,2.244,25
2024-11-08,휘발유,9.4,0.48,2.4116,1535
2024-11-08,경유,11.2,0.75,2.6528,1125
2024-11-08,LPG,7.5,0.75,1.6469,228
2024-11-08,하이브리드,13.8,0.75,2.4116,250
2024-11-08,전기,4.5,0.5,0,84
2024-11-08,수소,99.2,0.58,0,4
2024-11-08,기타,9,0.79,2.244,22
2024-11-09,휘발유,9.4,0.71,2.4116,1136
2024-11-09,경유,11.2,0.41,2.6528,833
2024-11-09,LPG,7.5,0.43,1.6469,169
2024-11-09,하이브리드,13.8,0.59,2.4116,185
2024-11-09,전기,4.5,0.76,0,62
2024-11-09,수소,99.2,0.62,0,3
2024-11-09,기타,9,0.6,2.244,16
2024-11-10,휘발유,9.4,0.73,2.4116,823
2024-11-10,경유,11.2,0.55,2.6528,603
2024-11-10,LPG,7.5,0.71,1.6469,122
2024-11-10,하이브리드,13.8,0.79,2.4116,134
2024-11-10,전기,4.5,0.48,0,45
2024-11-10,수소,99.2,0.61,0,2
2024-11-10,기타,9,0.51,2.244,12
2024-11-11,휘발유,9.4,0.72,2.4116,1328
2024-11-11,경유,11.2,0.63,2.6528,973
2024-11-11,LPG,7.5,0.65,1.6469,198
2024-11-11,하이브리드,13.8,0.72,2.4116,216
2024-11-11,전기,4.5,0.56,0,73
2024-11-11,수소,99.2,0.77,0,3
2024-11-11,기타,9,0.61,2.244,19
2024-11-12,휘발유,9.4,0.72,2.4116,1620
2024-11-12,경유,11.2,0.53,2.6528,1187
2024-11-12,LPG,7.5,0.74,1.6469,241
2024-11-12,하이브리드,13.8,0.76,2.4116,264
2024-11-12,전기,4.5,0.51,0,89
2024-11-12,수소,99.2,0.79,0,4
2024-11-12,기타,9,0.46,2.244,23
2024-11-13,휘발유,9.4,0.48,2.4116,1306
2024-11-13,경유,11.2,0.47,2.6528,957
2024-11-13,LPG,7.5,0.76,1.6469,194
2024-11-13,하이브리드,13.8,0.66,2.4116,213
2024-11-13,전기,4.5,0.46,0,71
2024-11-13,수소,99.2,0.58,0,3
2024-11-13,기타,9,0.65,2.244,19
2024-11-14,휘발유,9.4,0.79,2.4116,1511
2024-11-14,경유,11.2,0.57,2.6528,1108
2024-11-14,LPG,7.5,0.79,1.6469,225
2024-11-14,하이브리드,13.8,0.67,2.4116,246
2024-11-14,전기,4.5,0.65,0,83
2024-11-14,수소,99.2,0.47,0,4
2024-11-14,기타,9,0.75,2.244,22
2024-11-15,휘발유,9.4,0.57,2.4116,1839
2024-11-15,경유,11.2,0.46,2.6528,1348
2024-11-15,LPG,7.5,0.41,1.6469,274
2024-11-15,하이브리드,13.8,0.62,2.4116,300
2024-11-15,전기,4.5,0.61,0,101
2024-11-15,수소,99.2,0.69,0,5
2024-11-15,기타,9,0.76,2.244,26
2024-11-16,휘발유,9.4,0.47,2.4116,798
2024-11-16,경유,11.2,0.74,2.6528,585
2024-11-16,LPG,7.5,0.73,1.6469,119
2024-11-16,하이브리드,13.8,0.62,2.4116,130
2024-11-16,전기,4.5,0.68,0,43
2024-11-16,수소,99.2,0.53,0,2
2024-11-16,기타,9,0.59,2.244,11
2024-11-17,휘발유,9.4,0.73,2.4116,669
2024-11-17,경유,11.2,0.58,2.6528,490
2024-11-17,LPG,7.5,0.54,1.6469,99
2024-11-17,하이브리드,13.8,0.6,2.4116,109
2024-11-17,전기,4.5,0.73,0,36
2024-11-17,수소,99.2,0.53,0,1
2024-11-17,기타,9,0.47,2.244,9
2024-11-18,휘발유,9.4,0.44,2.4116,1704
2024-11-18,경유,11.2,0.5,2.6528,1249
2024-11-18,LPG,7.5,0.46,1.6469,254
2024-11-18,하이브리드,13.8,0.54,2.4116,278
2024-11-18,전기,4.5,0.58,0,93
2024-11-18,수소,99.2,0.7,0,5
2024-11-18,기타,9,0.66,2.244,24
2024-11-19,휘발유,9.4,0.65,2.4116,1635
2024-11-19,경유,11.2,0.54,2.6528,1198
2024-11-19,LPG,7.5,0.74,1.6469,243
2024-11-19,하이브리드,13.8,0.59,2.4116,266
2024-11-19,전기,4.5,0.79,0,90
2024-11-19,수소,99.2,0.65,0,4
2024-11-19,기타,9,0.45,2.244,23
2024-11-20,휘발유,9.4,0.67,2.4116,1227
2024-11-20,경유,11.2,0.43,2.6528,899
2024-11-20,LPG,7.5,0.47,1.6469,183
2024-11-20,하이브리드,13.8,0.74,2.4116,200
2024-11-20,전기,4.5,0.49,0,67
2024-11-20,수소,99.2,0.73,0,3
2024-11-20,기타,9,0.51,2.244,17
2024-11-21,휘발유,9.4,0.66,2.4116,1786
2024-11-21,경유,11.2,0.68,2.6528,1309
2024-11-21,LPG,7.5,0.61,1.6469,266
2024-11-21,하이브리드,13.8,0.52,2.4116,291
2024-11-21,전기,4.5,0.49,0,98
2024-11-21,수소,99.2,0.41,0,5
2024-11-21,기타,9,0.52,2.244,26
2024-11-22,휘발유,9.4,0.75,2.4116,1627
2024-11-22,경유,11.2,0.71,2.6528,1193
2024-11-22,LPG,7.5,0.72,1.6469,242
2024-11-22,하이브리드,13.8,0.67,2.4116,265
2024-11-22,전기,4.5,0.5,0,89
2024-11-22,수소,99.2,0.76,0,4
2024-11-22,기타,9,0.67,2.244,23
2024-11-23,휘발유,9.4,0.62,2.4116,795
2024-11-23,경유,11.2,0.44,2.6528,582
2024-11-23,LPG,7.5,0.58,1.6469,118
2024-11-23,하이브리드,13.8,0.58,2.4116,129
2024-11-23,전기,4.5,0.75,0,43
2024-11-23,수소,99.2,0.62,0,2
2024-11-23,기타,9,0.55,2.244,11
2024-11-24,휘발유,9.4,0.7,2.4116,626
2024-11-24,경유,11.2,0.77,2.6528,459
2024-11-24,LPG,7.5,0.51,1.6469,93
2024-11-24,하이브리드,13.8,0.74,2.4116,102
2024-11-24,전기,4.5,0.52,0,34
2024-11-24,수소,99.2,0.76,0,1
2024-11-24,기타,9,0.7,2.244,9
2024-11-25,휘발유,9.4,0.72,2.4116,1484
2024-11-25,경유,11.2,0.41,2.6528,1088
2024-11-25,LPG,7.5,0.79,1.6469,221
2024-11-25,하이브리드,13.8,0.69,2.4116,242
2024-11-25,전기,4.5,0.52,0,81
2024-11-25,수소,99.2,0.73,0,4
2024-11-25,기타,9,0.51,2.244,21
2024-11-26,휘발유,9.4,0.44,2.4116,1592
2024-11-26,경유,11.2,0.5,2.6528,1167
2024-11-26,LPG,7.5,0.4,1.6469,237
2024-11-26,하이브리드,13.8,0.59,2.4116,260
2024-11-26,전기,4.5,0.52,0,87
2024-11-26,수소,99.2,0.64,0,4
2024-11-26,기타,9,0.52,2.244,23
2024-11-27,휘발유,9.4,0.52,2.4116,1940
2024-11-27,경유,11.2,0.7,2.6528,1422
2024-11-27,LPG,7.5,0.42,1.6469,289
2024-11-27,하이브리드,13.8,0.76,2.4116,316
2024-11-27,전기,4.5,0.74,0,106
2024-11-27,수소,99.2,0.67,0,5
2024-11-27,기타,9,0.64,2.244,28
2024-11-28,휘발유,9.4,0.72,2.4116,1481
2024-11-28,경유,11.2,0.41,2.6528,1085
2024-11-28,LPG,7.5,0.63,1.6469,220
2024-11-28,하이브리드,13.8,0.8,2.4116,241
2024-11-28,전기,4.5,0.74,0,81
2024-11-28,수소,99.2,0.61,0,4
2024-11-28,기타,9,0.43,2.244,21
2024-11-29,휘발유,9.4,0.73,2.4116,1466
2024-11-29,경유,11.2,0.64,2.6528,1074
2024-11-29,LPG,7.5,0.45,1.6469,218
2024-11-29,하이브리드,13.8,0.44,2.4116,239
2024-11-29,전기,4.5,0.76,0,80
2024-11-29,수소,99.2,0.67,0,4
2024-11-29,기타,9,0.73,2.244,21
2024-11-30,휘발유,9.4,0.61,2.4116,797
2024-11-30,경유,11.2,0.57,2.6528,584
2024-11-30,LPG,7.5,0.53,1.6469,118
2024-11-30,하이브리드,13.8,0.57,2.4116,130
2024-11-30,전기,4.5,0.71,0,43
2024-11-30,수소,99.2,0.64,0,2
2024-11-30,기타,9,0.76,2.244,11
2024-12-01,휘발유,9.4,0.58,2.4116,989
2024-12-01,경유,11.2,0.64,2.6528,725
2024-12-01,LPG,7.5,0.65,1.6469,147
2024-12-01,하이브리드,13.8,0.64,2.4116,161
2024-12-01,전기,4.5,0.68,0,54
2024-12-01,수소,99.2,0.49,0,2
2024-12-01,기타,9,0.6,2.244,14
2024-12-02,휘발유,9.4,0.6,2.4116,1448
2024-12-02,경유,11.2,0.66,2.6528,1061
2024-12-02,LPG,7.5,0.78,1.6469,215
2024-12-02,하이브리드,13.8,0.64,2.4116,236
2024-12-02,전기,4.5,0.7,0,79
2024-12-02,수소,99.2,0.6,0,4
2024-12-02,기타,9,0.65,2.244,21
2024-12-03,휘발유,9.4,0.43,2.4116,1307
2024-12-03,경유,11.2,0.5,2.6528,958
2024-12-03,LPG,7.5,0.54,1.6469,194
2024-12-03,하이브리드,13.8,0.59,2.4116,213
2024-12-03,전기,4.5,0.42,0,71
2024-12-03,수소,99.2,0.46,0,3
2024-12-03,기타,9,0.51,2.244,19
2024-12-04,휘발유,9.4,0.64,2.4116,1174
2024-12-04,경유,11.2,0.51,2.6528,860
2024-12-04,LPG,7.5,0.48,1.6469,175
2024-12-04,하이브리드,13.8,0.61,2.4116,191
2024-12-04,전기,4.5,0.4,0,64
2024-12-04,수소,99.2,0.4,0,3
2024-12-04,기타,9,0.49,2.244,17
2024-12-05,휘발유,9.4,0.41,2.4116,1486
2024-12-05,경유,11.2,0.44,2.6528,1089
2024-12-05,LPG,7.5,0.54,1.6469,221
2024-12-05,하이브리드,13.8,0.72,2.4116,242
2024-12-05,전기,4.5,0.63,0,81
2024-12-05,수소,99.2,0.61,0,4
2024-12-05,기타,9,0.52,2.244,21
2024-12-06,휘발유,9.4,0.43,2.4116,1468
2024-12-06,경유,11.2,0.65,2.6528,1076
2024-12-06,LPG,7.5,0.45,1.6469,218
2024-12-06,하이브리드,13.8,0.54,2.4116,239
2024-12-06,전기,4.5,0.6,0,80
2024-12-06,수소,99.2,0.75,0,4
2024-12-06,기타,9,0.6,2.244,21
2024-12-07,휘발유,9.4,0.68,2.4116,911
2024-12-07,경유,11.2,0.8,2.6528,667
2024-12-07,LPG,7.5,0.45,1.6469,135
2024-12-07,하이브리드,13.8,0.51,2.4116,148
2024-12-07,전기,4.5,0.56,0,50
2024-12-07,수소,99.2,0.57,0,2
2024-12-07,기타,9,0.56,2.244,13
2024-12-08,휘발유,9.4,0.64,2.4116,815
2024-12-08,경유,11.2,0.52,2.6528,598
2024-12-08,LPG,7.5,0.73,1.6469,121
2024-12-08,하이브리드,13.8,0.78,2.4116,133
2024-12-08,전기,4.5,0.73,0,44
2024-12-08,수소,99.2,0.4,0,2
2024-12-08,기타,9,0.65,2.244,11
2024-12-09,휘발유,9.4,0.42,2.4116,1626
2024-12-09,경유,11.2,0.5,2.6528,1191
2024-12-09,LPG,7.5,0.42,1.6469,242
2024-12-09,하이브리드,13.8,0.64,2.4116,265
2024-12-09,전기,4.5,0.67,0,89
2024-12-09,수소,99.2,0.45,0,4
2024-12-09,기타,9,0.55,2.244,23
2024-12-10,휘발유,9.4,0.45,2.4116,998
2024-12-10,경유,11.2,0.57,2.6528,731
2024-12-10,LPG,7.5,0.7,1.6469,148
2024-12-10,하이브리드,13.8,0.43,2.4116,162
2024-12-10,전기,4.5,0.43,0,54
2024-12-10,수소,99.2,0.54,0,2
2024-12-10,기타,9,0.78,2.244,14
2024-12-11,휘발유,9.4,0.67,2.4116,1336
2024-12-11,경유,11.2,0.67,2.6528,979
2024-12-11,LPG,7.5,0.54,1.6469,199
2024-12-11,하이브리드,13.8,0.64,2.4116,218
2024-12-11,전기,4.5,0.4,0,73
2024-12-11,수소,99.2,0.65,0,3
2024-12-11,기타,9,0.77,2.244,19
2024-12-12,휘발유,9.4,0.69,2.4116,1731
2024-12-12,경유,11.2,0.45,2.6528,1268
2024-12-12,LPG,7.5,0.76,1.6469,258
2024-12-12,하이브리드,13.8,0.43,2.4116,282
2024-12-12,전기,4.5,0.61,0,95
2024-12-12,수소,99.2,0.46,0,5
2024-12-12,기타,9,0.4,2.244,25
2024-12-13,휘발유,9.4,0.57,2.4116,1573
2024-12-13,경유,11.2,0.52,2.6528,1153
2024-12-13,LPG,7.5,0.59,1.6469,234
2024-12-13,하이브리드,13.8,0.63,2.4116,256
2024-12-13,전기,4.5,0.42,0,86
2024-12-13,수소,99.2,0.45,0,4
2024-12-13,기타,9,0.62,2.244,22
2024-12-14,휘발유,9.4,0.66,2.4116,1051
2024-12-14,경유,11.2,0.74,2.6528,770
2024-12-14,LPG,7.5,0.68,1.6469,156
2024-12-14,하이브리드,13.8,0.57,2.4116,171
2024-12-14,전기,4.5,0.67,0,57
2024-12-14,수소,99.2,0.51,0,3
2024-12-14,기타,9,0.52,2.244,15
2024-12-15,휘발유,9.4,0.72,2.4116,548
2024-12-15,경유,11.2,0.58,2.6528,401
2024-12-15,LPG,7.5,0.72,1.6469,81
2024-12-15,하이브리드,13.8,0.73,2.4116,89
2024-12-15,전기,4.5,0.74,0,30
2024-12-15,수소,99.2,0.77,0,1
2024-12-15,기타,9,0.57,2.244,8
2024-12-16,휘발유,9.4,0.55,2.4116,1693
2024-12-16,경유,11.2,0.64,2.6528,1241
2024-12-16,LPG,7.5,0.68,1.6469,252
2024-12-16,하이브리드,13.8,0.68,2.4116,276
2024-12-16,전기,4.5,0.55,0,93
2024-12-16,수소,99.2,0.47,0,5
2024-12-16,기타,9,0.57,2.244,24
2024-12-17,휘발유,9.4,0.46,2.4116,1093
2024-12-17,경유,11.2,0.76,2.6528,801
2024-12-17,LPG,7.5,0.54,1.6469,162
2024-12-17,하이브리드,13.8,0.46,2.4116,178
2024-12-17,전기,4.5,0.41,0,60
2024-12-17,수소,99.2,0.66,0,3
2024-12-17,기타,9,0.65,2.244,15
2024-12-18,휘발유,9.4,0.56,2.4116,1373
2024-12-18,경유,11.2,0.52,2.6528,1006
2024-12-18,LPG,7.5,0.67,1.6469,204
2024-12-18,하이브리드,13.8,0.64,2.4116,224
2024-12-18,전기,4.5,0.55,0,75
2024-12-18,수소,99.2,0.49,0,4
2024-12-18,기타,9,0.8,2.244,20
2024-12-19,휘발유,9.4,0.58,2.4116,1456
2024-12-19,경유,11.2,0.68,2.6528,1067
2024-12-19,LPG,7.5,0.46,1.6469,217
2024-12-19,하이브리드,13.8,0.59,2.4116,237
2024-12-19,전기,4.5,0.41,0,80
2024-12-19,수소,99.2,0.6,0,4
2024-12-19,기타,9,0.79,2.244,21
2024-12-20,휘발유,9.4,0.41,2.4116,1402
2024-12-20,경유,11.2,0.56,2.6528,1028
2024-12-20,LPG,7.5,0.46,1.6469,209
2024-12-20,하이브리드,13.8,0.41,2.4116,229
2024-12-20,전기,4.5,0.7,0,77
2024-12-20,수소,99.2,0.58,0,4
2024-12-20,기타,9,0.52,2.244,20
2024-12-21,휘발유,9.4,0.76,2.4116,727
2024-12-21,경유,11.2,0.45,2.6528,532
2024-12-21,LPG,7.5,0.78,1.6469,108
2024-12-21,하이브리드,13.8,0.53,2.4116,118
2024-12-21,전기,4.5,0.76,0,40
2024-12-21,수소,99.2,0.64,0,2
2024-12-21,기타,9,0.73,2.244,10
2024-12-22,휘발유,9.4,0.55,2.4116,727
2024-12-22,경유,11.2,0.54,2.6528,533
2024-12-22,LPG,7.5,0.62,1.6469,108
2024-12-22,하이브리드,13.8,0.46,2.4116,118
2024-12-22,전기,4.5,0.62,0,40
2024-12-22,수소,99.2,0.62,0,2
2024-12-22,기타,9,0.7,2.244,10
2024-12-23,휘발유,9.4,0.73,2.4116,1612
2024-12-23,경유,11.2,0.58,2.6528,1181
2024-12-23,LPG,7.5,0.52,1.6469,240
2024-12-23,하이브리드,13.8,0.5,2.4116,263
2024-12-23,전기,4.5,0.48,0,88
2024-12-23,수소,99.2,0.42,0,4
2024-12-23,기타,9,0.54,2.244,23
2024-12-24,휘발유,9.4,0.63,2.4116,1038
2024-12-24,경유,11.2,0.46,2.6528,761
2024-12-24,LPG,7.5,0.58,1.6469,154
2024-12-24,하이브리드,13.8,0.65,2.4116,169
2024-12-24,전기,4.5,0.6,0,57
2024-12-24,수소,99.2,0.56,0,3
2024-12-24,기타,9,0.8,2.244,15
2024-12-25,휘발유,9.4,0.75,2.4116,1682
2024-12-25,경유,11.2,0.65,2.6528,1233
2024-12-25,LPG,7.5,0.63,1.6469,250
2024-12-25,하이브리드,13.8,0.65,2.4116,274
2024-12-25,전기,4.5,0.48,0,92
2024-12-25,수소,99.2,0.56,0,4
2024-12-25,기타,9,0.42,2.244,24
2024-12-26,휘발유,9.4,0.49,2.4116,2130
2024-12-26,경유,11.2,0.79,2.6528,1561
2024-12-26,LPG,7.5,0.76,1.6469,317
2024-12-26,하이브리드,13.8,0.69,2.4116,347
2024-12-26,전기,4.5,0.61,0,117
2024-12-26,수소,99.2,0.75,0,6
2024-12-26,기타,9,0.45,2.244,31
2024-12-27,휘발유,9.4,0.72,2.4116,1151
2024-12-27,경유,11.2,0.45,2.6528,843
2024-12-27,LPG,7.5,0.72,1.6469,171
2024-12-27,하이브리드,13.8,0.51,2.4116,187
2024-12-27,전기,4.5,0.75,0,63
2024-12-27,수소,99.2,0.78,0,3
2024-12-27,기타,9,0.46,2.244,16
2024-12-28,휘발유,9.4,0.59,2.4116,841
2024-12-28,경유,11.2,0.75,2.6528,617
2024-12-28,LPG,7.5,0.64,1.6469,125
2024-12-28,하이브리드,13.8,0.55,2.4116,137
2024-12-28,전기,4.5,0.51,0,46
2024-12-28,수소,99.2,0.48,0,2
2024-12-28,기타,9,0.7,2.244,12
2024-12-29,휘발유,9.4,0.55,2.4116,746
2024-12-29,경유,11.2,0.6,2.6528,546
2024-12-29,LPG,7.5,0.6,1.6469,111
2024-12-29,하이브리드,13.8,0.63,2.4116,121
2024-12-29,전기,4.5,0.75,0,41
2024-12-29,수소,99.2,0.79,0,2
2024-12-29,기타,9,0.56,2.244,10
2024-12-30,휘발유,9.4,0.63,2.4116,1629
2024-12-30,경유,11.2,0.78,2.6528,1194
2024-12-30,LPG,7.5,0.48,1.6469,242
2024-12-30,하이브리드,13.8,0.44,2.4116,265
2024-12-30,전기,4.5,0.74,0,89
2024-12-30,수소,99.2,0.58,0,4
2024-12-30,기타,9,0.74,2.244,23
2024-12-31,휘발유,9.4,0.76,2.4116,1658
2024-12-31,경유,11.2,0.42,2.6528,1215
2024-12-31,LPG,7.5,0.75,1.6469,247
2024-12-31,하이브리드,13.8,0.58,2.4116,270
2024-12-31,전기,4.5,0.6,0,91
2024-12-31,수소,99.2,0.65,0,4
2024-12-31,기타,9,0.77,2.244,24
2025-01-01,휘발유,9.4,0.68,2.4116,1501
2025-01-01,경유,11.2,0.69,2.6528,1100
2025-01-01,LPG,7.5,0.68,1.6469,223
2025-01-01,하이브리드,13.8,0.45,2.4116,245
2025-01-01,전기,4.5,0.52,0,82
2025-01-01,수소,99.2,0.54,0,4
2025-01-01,기타,9,0.72,2.244,21
2025-01-02,휘발유,9.4,0.51,2.4116,1414
2025-01-02,경유,11.2,0.48,2.6528,1036
2025-01-02,LPG,7.5,0.78,1.6469,210
2025-01-02,하이브리드,13.8,0.4,2.4116,230
2025-01-02,전기,4.5,0.8,0,77
2025-01-02,수소,99.2,0.67,0,4
2025-01-02,기타,9,0.73,2.244,20
2025-01-03,휘발유,9.4,0.7,2.4116,1677
2025-01-03,경유,11.2,0.46,2.6528,1229
2025-01-03,LPG,7.5,0.7,1.6469,250
2025-01-03,하이브리드,13.8,0.71,2.4116,273
2025-01-03,전기,4.5,0.66,0,92
2025-01-03,수소,99.2,0.71,0,4
2025-01-03,기타,9,0.74,2.244,24
2025-01-04,휘발유,9.4,0.65,2.4116,874
2025-01-04,경유,11.2,0.44,2.6528,641
2025-01-04,LPG,7.5,0.6,1.6469,130
2025-01-04,하이브리드,13.8,0.43,2.4116,142
2025-01-04,전기,4.5,0.56,0,48
2025-01-04,수소,99.2,0.56,0,2
2025-01-04,기타,9,0.43,2.244,12
2025-01-05,휘발유,9.4,0.72,2.4116,565
2025-01-05,경유,11.2,0.78,2.6528,414
2025-01-05,LPG,7.5,0.43,1.6469,84
2025-01-05,하이브리드,13.8,0.78,2.4116,92
2025-01-05,전기,4.5,0.61,0,31
2025-01-05,수소,99.2,0.52,0,1
2025-01-05,기타,9,0.43,2.244,8
2025-01-06,휘발유,9.4,0.6,2.4116,1433
2025-01-06,경유,11.2,0.72,2.6528,1050
2025-01-06,LPG,7.5,0.68,1.6469,213
2025-01-06,하이브리드,13.8,0.42,2.4116,234
2025-01-06,전기,4.5,0.43,0,78
2025-01-06,수소,99.2,0.56,0,4
2025-01-06,기타,9,0.52,2.244,20
2025-01-07,휘발유,9.4,0.72,2.4116,1324
2025-01-07,경유,11.2,0.77,2.6528,970
2025-01-07,LPG,7.5,0.56,1.6469,197
2025-01-07,하이브리드,13.8,0.76,2.4116,216
2025-01-07,전기,4.5,0.53,0,72
2025-01-07,수소,99.2,0.59,0,3
2025-01-07,기타,9,0.49,2.244,19
2025-01-08,휘발유,9.4,0.66,2.4116,1284
2025-01-08,경유,11.2,0.79,2.6528,941
2025-01-08,LPG,7.5,0.64,1.6469,191
2025-01-08,하이브리드,13.8,0.54,2.4116,209
2025-01-08,전기,4.5,0.66,0,70
2025-01-08,수소,99.2,0.45,0,3
2025-01-08,기타,9,0.76,2.244,18
2025-01-09,휘발유,9.4,0.63,2.4116,793
2025-01-09,경유,11.2,0.65,2.6528,581
2025-01-09,LPG,7.5,0.43,1.6469,118
2025-01-09,하이브리드,13.8,0.67,2.4116,129
2025-01-09,전기,4.5,0.5,0,43
2025-01-09,수소,99.2,0.69,0,2
2025-01-09,기타,9,0.73,2.244,11
2025-01-10,휘발유,9.4,0.72,2.4116,1549
2025-01-10,경유,11.2,0.62,2.6528,1135
2025-01-10,LPG,7.5,0.61,1.6469,231
2025-01-10,하이브리드,13.8,0.46,2.4116,253
2025-01-10,전기,4.5,0.71,0,85
2025-01-10,수소,99.2,0.51,0,4
2025-01-10,기타,9,0.6,2.244,22
2025-01-11,휘발유,9.4,0.65,2.4116,588
2025-01-11,경유,11.2,0.42,2.6528,431
2025-01-11,LPG,7.5,0.7,1.6469,87
2025-01-11,하이브리드,13.8,0.53,2.4116,96
2025-01-11,전기,4.5,0.4,0,32
2025-01-11,수소,99.2,0.6,0,1
2025-01-11,기타,9,0.42,2.244,8
2025-01-12,휘발유,9.4,0.51,2.4116,656
2025-01-12,경유,11.2,0.68,2.6528,481
2025-01-12,LPG,7.5,0.43,1.6469,97
2025-01-12,하이브리드,13.8,0.74,2.4116,107
2025-01-12,전기,4.5,0.4,0,36
2025-01-12,수소,99.2,0.5,0,1
2025-01-12,기타,9,0.7,2.244,9
2025-01-13,휘발유,9.4,0.54,2.4116,1350
2025-01-13,경유,11.2,0.51,2.6528,990
2025-01-13,LPG,7.5,0.74,1.6469,201
2025-01-13,하이브리드,13.8,0.53,2.4116,220
2025-01-13,전기,4.5,0.72,0,74
2025-01-13,수소,99.2,0.76,0,4
2025-01-13,기타,9,0.57,2.244,19
2025-01-14,휘발유,9.4,0.76,2.4116,1434
2025-01-14,경유,11.2,0.55,2.6528,1051
2025-01-14,LPG,7.5,0.79,1.6469,213
2025-01-14,하이브리드,13.8,0.44,2.4116,234
2025-01-14,전기,4.5,0.67,0,78
2025-01-14,수소,99.2,0.6,0,4
2025-01-14,기타,9,0.56,2.244,20
2025-01-15,휘발유,9.4,0.4,2.4116,1842
2025-01-15,경유,11.2,0.47,2.6528,1350
2025-01-15,LPG,7.5,0.69,1.6469,274
2025-01-15,하이브리드,13.8,0.67,2.4116,300
2025-01-15,전기,4.5,0.79,0,101
2025-01-15,수소,99.2,0.7,0,5
2025-01-15,기타,9,0.78,2.244,26
2025-01-16,휘발유,9.4,0.68,2.4116,1724
2025-01-16,경유,11.2,0.52,2.6528,1264
2025-01-16,LPG,7.5,0.44,1.6469,257
2025-01-16,하이브리드,13.8,0.71,2.4116,281
2025-01-16,전기,4.5,0.66,0,94
2025-01-16,수소,99.2,0.42,0,5
2025-01-16,기타,9,0.54,2.244,25
2025-01-17,휘발유,9.4,0.57,2.4116,1506
2025-01-17,경유,11.2,0.58,2.6528,1104
2025-01-17,LPG,7.5,0.48,1.6469,224
2025-01-17,하이브리드,13.8,0.55,2.4116,245
2025-01-17,전기,4.5,0.55,0,82
2025-01-17,수소,99.2,0.42,0,4
2025-01-17,기타,9,0.71,2.244,22
2025-01-18,휘발유,9.4,0.57,2.4116,894
2025-01-18,경유,11.2,0.73,2.6528,655
2025-01-18,LPG,7.5,0.74,1.6469,133
2025-01-18,하이브리드,13.8,0.48,2.4116,146
2025-01-18,전기,4.5,0.66,0,49
2025-01-18,수소,99.2,0.59,0,2
2025-01-18,기타,9,0.75,2.244,13
2025-01-19,휘발유,9.4,0.64,2.4116,911
2025-01-19,경유,11.2,0.52,2.6528,667
2025-01-19,LPG,7.5,0.45,1.6469,135
2025-01-19,하이브리드,13.8,0.66,2.4116,148
2025-01-19,전기,4.5,0.7,0,50
2025-01-19,수소,99.2,0.53,0,2
2025-01-19,기타,9,0.66,2.244,13
2025-01-20,휘발유,9.4,0.56,2.4116,1253
2025-01-20,경유,11.2,0.69,2.6528,918
2025-01-20,LPG,7.5,0.48,1.6469,186
2025-01-20,하이브리드,13.8,0.76,2.4116,204
2025-01-20,전기,4.5,0.51,0,69
2025-01-20,수소,99.2,0.55,0,3
2025-01-20,기타,9,0.42,2.244,18
2025-01-21,휘발유,9.4,0.51,2.4116,1515
2025-01-21,경유,11.2,0.73,2.6528,1110
2025-01-21,LPG,7.5,0.41,1.6469,225
2025-01-21,하이브리드,13.8,0.55,2.4116,247
2025-01-21,전기,4.5,0.53,0,83
2025-01-21,수소,99.2,0.41,0,4
2025-01-21,기타,9,0.45,2.244,22
2025-01-22,휘발유,9.4,0.57,2.4116,1269
2025-01-22,경유,11.2,0.6,2.6528,930
2025-01-22,LPG,7.5,0.56,1.6469,189
2025-01-22,하이브리드,13.8,0.61,2.4116,207
2025-01-22,전기,4.5,0.64,0,69
2025-01-22,수소,99.2,0.4,0,3
2025-01-22,기타,9,0.59,2.244,18
2025-01-23,휘발유,9.4,0.67,2.4116,1511
2025-01-23,경유,11.2,0.52,2.6528,1107
2025-01-23,LPG,7.5,0.71,1.6469,225
2025-01-23,하이브리드,13.8,0.71,2.4116,246
2025-01-23,전기,4.5,0.61,0,83
2025-01-23,수소,99.2,0.79,0,4
2025-01-23,기타,9,0.45,2.244,22
2025-01-24,휘발유,9.4,0.41,2.4116,1635
2025-01-24,경유,11.2,0.71,2.6528,1198
2025-01-24,LPG,7.5,0.72,1.6469,243
2025-01-24,하이브리드,13.8,0.45,2.4116,266
2025-01-24,전기,4.5,0.51,0,90
2025-01-24,수소,99.2,0.41,0,4
2025-01-24,기타,9,0.52,2.244,23
2025-01-25,휘발유,9.4,0.54,2.4116,777
2025-01-25,경유,11.2,0.55,2.6528,569
2025-01-25,LPG,7.5,0.4,1.6469,115
2025-01-25,하이브리드,13.8,0.52,2.4116,126
2025-01-25,전기,4.5,0.66,0,42
2025-01-25,수소,99.2,0.79,0,2
2025-01-25,기타,9,0.74,2.244,11
2025-01-26,휘발유,9.4,0.41,2.4116,1118
2025-01-26,경유,11.2,0.76,2.6528,819
2025-01-26,LPG,7.5,0.71,1.6469,166
2025-01-26,하이브리드,13.8,0.71,2.4116,182
2025-01-26,전기,4.5,0.58,0,61
2025-01-26,수소,99.2,0.56,0,3
2025-01-26,기타,9,0.52,2.244,16
2025-01-27,휘발유,9.4,0.7,2.4116,1481
2025-01-27,경유,11.2,0.59,2.6528,1086
2025-01-27,LPG,7.5,0.42,1.6469,220
2025-01-27,하이브리드,13.8,0.78,2.4116,241
2025-01-27,전기,4.5,0.78,0,81
2025-01-27,수소,99.2,0.71,0,4
2025-01-27,기타,9,0.8,2.244,21
2025-01-28,휘발유,9.4,0.62,2.4116,1118
2025-01-28,경유,11.2,0.79,2.6528,819
2025-01-28,LPG,7.5,0.43,1.6469,166
2025-01-28,하이브리드,13.8,0.55,2.4116,182
2025-01-28,전기,4.5,0.49,0,61
2025-01-28,수소,99.2,0.48,0,3
2025-01-28,기타,9,0.46,2.244,16
2025-01-29,휘발유,9.4,0.63,2.4116,1808
2025-01-29,경유,11.2,0.46,2.6528,1325
2025-01-29,LPG,7.5,0.72,1.6469,269
2025-01-29,하이브리드,13.8,0.65,2.4116,295
2025-01-29,전기,4.5,0.56,0,99
2025-01-29,수소,99.2,0.67,0,5
2025-01-29,기타,9,0.5,2.244,26
2025-01-30,휘발유,9.4,0.54,2.4116,1638
2025-01-30,경유,11.2,0.77,2.6528,1200
2025-01-30,LPG,7.5,0.52,1.6469,244
2025-01-30,하이브리드,13.8,0.59,2.4116,267
2025-01-30,전기,4.5,0.76,0,90
2025-01-30,수소,99.2,0.68,0,4
2025-01-30,기타,9,0.42,2.244,23
2025-01-31,휘발유,9.4,0.45,2.4116,1308
2025-01-31,경유,11.2,0.78,2.6528,959
2025-01-31,LPG,7.5,0.61,1.6469,195
2025-01-31,하이브리드,13.8,0.5,2.4116,213
2025-01-31,전기,4.5,0.6,0,72
2025-01-31,수소,99.2,0.67,0,3
2025-01-31,기타,9,0.43,2.244,19
2025-02-01,휘발유,9.4,0.51,2.4116,1246
2025-02-01,경유,11.2,0.72,2.6528,913
2025-02-01,LPG,7.5,0.58,1.6469,185
2025-02-01,하이브리드,13.8,0.62,2.4116,203
2025-02-01,전기,4.5,0.57,0,68
2025-02-01,수소,99.2,0.42,0,3
2025-02-01,기타,9,0.47,2.244,18
2025-02-02,휘발유,9.4,0.42,2.4116,416
2025-02-02,경유,11.2,0.74,2.6528,305
2025-02-02,LPG,7.5,0.79,1.6469,62
2025-02-02,하이브리드,13.8,0.72,2.4116,68
2025-02-02,전기,4.5,0.74,0,22
2025-02-02,수소,99.2,0.5,0,1
2025-02-02,기타,9,0.78,2.244,6
2025-02-03,휘발유,9.4,0.48,2.4116,1443
2025-02-03,경유,11.2,0.78,2.6528,1057
2025-02-03,LPG,7.5,0.8,1.6469,215
2025-02-03,하이브리드,13.8,0.68,2.4116,235
2025-02-03,전기,4.5,0.79,0,79
2025-02-03,수소,99.2,0.63,0,4
2025-02-03,기타,9,0.5,2.244,21
2025-02-04,휘발유,9.4,0.43,2.4116,1984
2025-02-04,경유,11.2,0.65,2.6528,1454
2025-02-04,LPG,7.5,0.79,1.6469,295
2025-02-04,하이브리드,13.8,0.48,2.4116,323
2025-02-04,전기,4.5,0.72,0,109
2025-02-04,수소,99.2,0.76,0,5
2025-02-04,기타,9,0.78,2.244,28
2025-02-05,휘발유,9.4,0.78,2.4116,1184
2025-02-05,경유,11.2,0.61,2.6528,868
2025-02-05,LPG,7.5,0.79,1.6469,176
2025-02-05,하이브리드,13.8,0.7,2.4116,193
2025-02-05,전기,4.5,0.46,0,65
2025-02-05,수소,99.2,0.59,0,3
2025-02-05,기타,9,0.69,2.244,17
2025-02-06,휘발유,9.4,0.67,2.4116,1676
2025-02-06,경유,11.2,0.47,2.6528,1228
2025-02-06,LPG,7.5,0.63,1.6469,249
2025-02-06,하이브리드,13.8,0.71,2.4116,273
2025-02-06,전기,4.5,0.6,0,92
2025-02-06,수소,99.2,0.4,0,4
2025-02-06,기타,9,0.4,2.244,24
2025-02-07,휘발유,9.4,0.54,2.4116,1200
2025-02-07,경유,11.2,0.77,2.6528,880
2025-02-07,LPG,7.5,0.49,1.6469,179
2025-02-07,하이브리드,13.8,0.65,2.4116,196
2025-02-07,전기,4.5,0.49,0,66
2025-02-07,수소,99.2,0.53,0,3
2025-02-07,기타,9,0.74,2.244,17
2025-02-08,휘발유,9.4,0.57,2.4116,642
2025-02-08,경유,11.2,0.41,2.6528,470
2025-02-08,LPG,7.5,0.59,1.6469,95
2025-02-08,하이브리드,13.8,0.66,2.4116,104
2025-02-08,전기,4.5,0.45,0,35
2025-02-08,수소,99.2,0.52,0,1
2025-02-08,기타,9,0.56,2.244,9
2025-02-09,휘발유,9.4,0.77,2.4116,815
2025-02-09,경유,11.2,0.8,2.6528,598
2025-02-09,LPG,7.5,0.42,1.6469,121
2025-02-09,하이브리드,13.8,0.7,2.4116,133
2025-02-09,전기,4.5,0.55,0,44
2025-02-09,수소,99.2,0.56,0,2
2025-02-09,기타,9,0.7,2.244,11
2025-02-10,휘발유,9.4,0.72,2.4116,1065
2025-02-10,경유,11.2,0.5,2.6528,780
2025-02-10,LPG,7.5,0.63,1.6469,158
2025-02-10,하이브리드,13.8,0.54,2.4116,173
2025-02-10,전기,4.5,0.66,0,58
2025-02-10,수소,99.2,0.5,0,3
2025-02-10,기타,9,0.48,2.244,15
2025-02-11,휘발유,9.4,0.77,2.4116,1743
2025-02-11,경유,11.2,0.44,2.6528,1278
2025-02-11,LPG,7.5,0.6,1.6469,259
2025-02-11,하이브리드,13.8,0.49,2.4116,284
2025-02-11,전기,4.5,0.42,0,96
2025-02-11,수소,99.2,0.41,0,5
2025-02-11,기타,9,0.47,2.244,25
2025-02-12,휘발유,9.4,0.78,2.4116,1409
2025-02-12,경유,11.2,0.63,2.6528,1033
2025-02-12,LPG,7.5,0.57,1.6469,210
2025-02-12,하이브리드,13.8,0.63,2.4116,230
2025-02-12,전기,4.5,0.61,0,77
2025-02-12,수소,99.2,0.7,0,4
2025-02-12,기타,9,0.51,2.244,20
2025-02-13,휘발유,9.4,0.54,2.4116,1668
2025-02-13,경유,11.2,0.76,2.6528,1222
2025-02-13,LPG,7.5,0.78,1.6469,248
2025-02-13,하이브리드,13.8,0.76,2.4116,272
2025-02-13,전기,4.5,0.57,0,91
2025-02-13,수소,99.2,0.71,0,4
2025-02-13,기타,9,0.59,2.244,24
2025-02-14,휘발유,9.4,0.64,2.4116,1163
2025-02-14,경유,11.2,0.47,2.6528,852
2025-02-14,LPG,7.5,0.53,1.6469,173
2025-02-14,하이브리드,13.8,0.74,2.4116,189
2025-02-14,전기,4.5,0.48,0,64
2025-02-14,수소,99.2,0.43,0,3
2025-02-14,기타,9,0.43,2.244,17
2025-02-15,휘발유,9.4,0.78,2.4116,750
2025-02-15,경유,11.2,0.6,2.6528,549
2025-02-15,LPG,7.5,0.56,1.6469,111
2025-02-15,하이브리드,13.8,0.72,2.4116,122
2025-02-15,전기,4.5,0.73,0,41
2025-02-15,수소,99.2,0.53,0,2
2025-02-15,기타,9,0.68,2.244,10
2025-02-16,휘발유,9.4,0.46,2.4116,913
2025-02-16,경유,11.2,0.75,2.6528,669
2025-02-16,LPG,7.5,0.62,1.6469,136
2025-02-16,하이브리드,13.8,0.51,2.4116,149
2025-02-16,전기,4.5,0.57,0,50
2025-02-16,수소,99.2,0.42,0,2
2025-02-16,기타,9,0.45,2.244,13
2025-02-17,휘발유,9.4,0.71,2.4116,1787
2025-02-17,경유,11.2,0.4,2.6528,1310
2025-02-17,LPG,7.5,0.57,1.6469,266
2025-02-17,하이브리드,13.8,0.61,2.4116,291
2025-02-17,전기,4.5,0.42,0,98
2025-02-17,수소,99.2,0.79,0,5
2025-02-17,기타,9,0.49,2.244,26
2025-02-18,휘발유,9.4,0.49,2.4116,1249
2025-02-18,경유,11.2,0.4,2.6528,915
2025-02-18,LPG,7.5,0.69,1.6469,186
2025-02-18,하이브리드,13.8,0.79,2.4116,204
2025-02-18,전기,4.5,0.49,0,68
2025-02-18,수소,99.2,0.67,0,3
2025-02-18,기타,9,0.7,2.244,18
2025-02-19,휘발유,9.4,0.74,2.4116,1249
2025-02-19,경유,11.2,0.57,2.6528,916
2025-02-19,LPG,7.5,0.52,1.6469,186
2025-02-19,하이브리드,13.8,0.53,2.4116,204
2025-02-19,전기,4.5,0.69,0,68
2025-02-19,수소,99.2,0.73,0,3
2025-02-19,기타,9,0.47,2.244,18
2025-02-20,휘발유,9.4,0.72,2.4116,1690
2025-02-20,경유,11.2,0.79,2.6528,1239
2025-02-20,LPG,7.5,0.7,1.6469,252
2025-02-20,하이브리드,13.8,0.56,2.4116,276
2025-02-20,전기,4.5,0.64,0,93
2025-02-20,수소,99.2,0.66,0,5
2025-02-20,기타,9,0.43,2.244,24
2025-02-21,휘발유,9.4,0.62,2.4116,1446
2025-02-21,경유,11.2,0.68,2.6528,1060
2025-02-21,LPG,7.5,0.47,1.6469,215
2025-02-21,하이브리드,13.8,0.71,2.4116,236
2025-02-21,전기,4.5,0.63,0,79
2025-02-21,수소,99.2,0.78,0,4
2025-02-21,기타,9,0.42,2.244,21
2025-02-22,휘발유,9.4,0.52,2.4116,906
2025-02-22,경유,11.2,0.69,2.6528,664
2025-02-22,LPG,7.5,0.7,1.6469,135
2025-02-22,하이브리드,13.8,0.44,2.4116,148
2025-02-22,전기,4.5,0.61,0,49
2025-02-22,수소,99.2,0.6,0,2
2025-02-22,기타,9,0.55,2.244,13
2025-02-23,휘발유,9.4,0.77,2.4116,398
2025-02-23,경유,11.2,0.73,2.6528,291
2025-02-23,LPG,7.5,0.68,1.6469,59
2025-02-23,하이브리드,13.8,0.69,2.4116,64
2025-02-23,전기,4.5,0.58,0,21
2025-02-23,수소,99.2,0.77,0,1
2025-02-23,기타,9,0.68,2.244,5
2025-02-24,휘발유,9.4,0.51,2.4116,1663
2025-02-24,경유,11.2,0.72,2.6528,1219
2025-02-24,LPG,7.5,0.48,1.6469,248
2025-02-24,하이브리드,13.8,0.54,2.4116,271
2025-02-24,전기,4.5,0.53,0,91
2025-02-24,수소,99.2,0.79,0,4
2025-02-24,기타,9,0.74,2.244,24
2025-02-25,휘발유,9.4,0.68,2.4116,1605
2025-02-25,경유,11.2,0.69,2.6528,1176
2025-02-25,LPG,7.5,0.62,1.6469,239
2025-02-25,하이브리드,13.8,0.78,2.4116,262
2025-02-25,전기,4.5,0.6,0,88
2025-02-25,수소,99.2,0.55,0,4
2025-02-25,기타,9,0.47,2.244,23
2025-02-26,휘발유,9.4,0.55,2.4116,1670
2025-02-26,경유,11.2,0.41,2.6528,1224
2025-02-26,LPG,7.5,0.74,1.6469,249
2025-02-26,하이브리드,13.8,0.4,2.4116,272
2025-02-26,전기,4.5,0.68,0,91
2025-02-26,수소,99.2,0.79,0,4
2025-02-26,기타,9,0.58,2.244,24
2025-02-27,휘발유,9.4,0.49,2.4116,1706
2025-02-27,경유,11.2,0.68,2.6528,1250
2025-02-27,LPG,7.5,0.73,1.6469,254
2025-02-27,하이브리드,13.8,0.62,2.4116,278
2025-02-27,전기,4.5,0.79,0,93
2025-02-27,수소,99.2,0.42,0,5
2025-02-27,기타,9,0.6,2.244,24
2025-02-28,휘발유,9.4,0.47,2.4116,1671
2025-02-28,경유,11.2,0.72,2.6528,1224
2025-02-28,LPG,7.5,0.62,1.6469,249
2025-02-28,하이브리드,13.8,0.56,2.4116,272
2025-02-28,전기,4.5,0.45,0,92
2025-02-28,수소,99.2,0.75,0,4
2025-02-28,기타,9,0.46,2.244,24
